-- phpMyAdmin SQL Dump
-- version 4.8.5
-- https://www.phpmyadmin.net/
--
-- Host: localhost
-- Generation Time: Jul 25, 2020 at 06:17 PM
-- Server version: 10.1.38-MariaDB
-- PHP Version: 7.3.4

SET SQL_MODE = "NO_AUTO_VALUE_ON_ZERO";
SET AUTOCOMMIT = 0;
START TRANSACTION;
SET time_zone = "+00:00";


/*!40101 SET @OLD_CHARACTER_SET_CLIENT=@@CHARACTER_SET_CLIENT */;
/*!40101 SET @OLD_CHARACTER_SET_RESULTS=@@CHARACTER_SET_RESULTS */;
/*!40101 SET @OLD_COLLATION_CONNECTION=@@COLLATION_CONNECTION */;
/*!40101 SET NAMES utf8mb4 */;

--
-- Database: `smart_parking_distronix`
--

-- --------------------------------------------------------

--
-- Table structure for table `bay`
--

CREATE TABLE `bay` (
  `id` int(11) NOT NULL,
  `name` varchar(10) NOT NULL,
  `x_coordinate` decimal(10,7) NOT NULL,
  `y_coordinate` decimal(10,7) NOT NULL,
  `sensor_id` int(10) NOT NULL,
  `lot_id` int(10) NOT NULL
) ENGINE=InnoDB DEFAULT CHARSET=latin1;

--
-- Dumping data for table `bay`
--

INSERT INTO `bay` (`id`, `name`, `x_coordinate`, `y_coordinate`, `sensor_id`, `lot_id`) VALUES
(2, 'B1', '12.0000000', '10.0000000', 1, 1),
(4, 'B2', '13.0000000', '11.0000000', 2, 1),
(5, 'B3', '13.0000000', '11.0000000', 3, 1),
(6, 'B4', '15.0000000', '13.0000000', 4, 1),
(7, 'B5', '16.0000000', '14.0000000', 5, 1),
(9, 'B6', '17.0000000', '15.0000000', 6, 1),
(10, 'B7', '18.0000000', '16.0000000', 7, 1),
(11, 'B8', '19.0000000', '17.0000000', 8, 1),
(15, 'B1', '3.0000000', '4.0000000', 9, 2),
(16, 'B2', '4.0000000', '5.0000000', 10, 2),
(17, 'B3', '5.0000000', '6.0000000', 11, 2),
(18, 'B4', '6.0000000', '7.0000000', 12, 2),
(19, 'B5', '7.0000000', '8.0000000', 13, 2),
(20, 'B6', '8.0000000', '9.0000000', 14, 2),
(21, 'B7', '9.0000000', '10.0000000', 15, 2),
(22, 'B8', '10.0000000', '11.0000000', 16, 2),
(23, 'B9', '12.4545450', '24.1212120', 17, 1),
(24, 'B10', '24.1212120', '25.1212120', 18, 2);

-- --------------------------------------------------------

--
-- Table structure for table `gateway`
--

CREATE TABLE `gateway` (
  `id` int(11) NOT NULL,
  `uuid` varchar(50) NOT NULL
) ENGINE=InnoDB DEFAULT CHARSET=latin1;

--
-- Dumping data for table `gateway`
--

INSERT INTO `gateway` (`id`, `uuid`) VALUES
(3, '55a22e20-e124-42d7-ab32-064b0f24fafa'),
(2, '58d89c9e-b275-4062-8975-c053b2e45d5d'),
(1, 'ac884226-487b-4246-be2e-641278347fa1');

-- --------------------------------------------------------

--
-- Table structure for table `lot`
--

CREATE TABLE `lot` (
  `id` int(11) NOT NULL,
  `name` varchar(10) NOT NULL,
  `latitude` decimal(10,7) NOT NULL,
  `longitude` decimal(10,7) NOT NULL,
  `gateway_id` int(11) NOT NULL
) ENGINE=InnoDB DEFAULT CHARSET=latin1;

--
-- Dumping data for table `lot`
--

INSERT INTO `lot` (`id`, `name`, `latitude`, `longitude`, `gateway_id`) VALUES
(1, 'L1', '15.1212120', '12.4542420', 1),
(2, 'L2', '15.3213210', '12.4565650', 2),
(3, 'L3', '15.3213210', '12.4565650', 3);

-- --------------------------------------------------------

--
-- Table structure for table `sensor`
--

CREATE TABLE `sensor` (
  `id` int(11) NOT NULL,
  `uuid` varchar(50) NOT NULL,
  `is_occupied` tinyint(1) NOT NULL,
  `is_faulty` tinyint(1) NOT NULL
) ENGINE=InnoDB DEFAULT CHARSET=latin1;

--
-- Dumping data for table `sensor`
--

INSERT INTO `sensor` (`id`, `uuid`, `is_occupied`, `is_faulty`) VALUES
(1, '45e0c726-4d19-4029-902b-ece36bceb3c1', 0, 0),
(2, ' be4771a6-f402-4da1-9d36-a1b5fb028235', 1, 0),
(3, '12ae31c5-92d1-4e3c-b659-37f78452ea89', 1, 0),
(4, 'af11ddad-a8da-4feb-bb73-9c4d46074512', 0, 0),
(5, '3cdc13ce-e08f-4a85-823b-4a6e6ed5e382', 1, 0),
(6, '57834963-27c6-4c89-ba9c-de9efcd4b6dd', 0, 0),
(7, '684a4bcb-1831-417e-8444-accb918e8937', 1, 0),
(8, '81df42fa-65c7-407c-83dd-6a9bfdfd978c', 1, 0),
(9, 'ebda2a36-6ca7-41e9-a32f-248b6bd5dfa8', 0, 0),
(10, '8ebd60dd-f5df-4347-b074-4d8e341e0cf0', 1, 0),
(11, 'ad7a410c-ba7c-4b05-a8f1-d92f00f1482b', 0, 0),
(12, '77da7b74-0f89-4f22-a5a7-e5b3d1d128d9', 1, 0),
(13, 'd1db1556-eccc-4e6a-9020-44fbc2610337', 0, 0),
(14, '1cbfcac3-38b0-4d1c-9097-a831765e6a35', 1, 0),
(15, 'ef9ba72d-5e50-4f23-abed-8fdeca7caea7', 0, 0),
(16, '1c0e8216-2d26-4ba2-9a6b-3071495051a2', 1, 0),
(17, 'c6fe7f8e-9af6-476b-b226-db637e007499', 0, 0),
(18, '44d5ee0d-16a6-44ad-8e4b-c8c84e3595f2', 0, 0);

-- --------------------------------------------------------

--
-- Table structure for table `status`
--

CREATE TABLE `status` (
  `id` int(11) NOT NULL,
  `sensor_id` int(11) NOT NULL,
  `timestamp` timestamp NOT NULL DEFAULT CURRENT_TIMESTAMP ON UPDATE CURRENT_TIMESTAMP,
  `is_occupied` tinyint(1) NOT NULL,
  `is_faulty` tinyint(1) NOT NULL
) ENGINE=InnoDB DEFAULT CHARSET=latin1;

--
-- Dumping data for table `status`
--

INSERT INTO `status` (`id`, `sensor_id`, `timestamp`, `is_occupied`, `is_faulty`) VALUES
(1, 1, '0000-00-00 00:00:00', 0, 0),
(2, 1, '2020-07-18 18:30:00', 0, 0),
(3, 1, '2020-07-19 08:12:34', 0, 0),
(4, 1, '2020-07-19 08:12:35', 1, 0),
(6, 1, '2020-07-19 08:12:35', 1, 0),
(7, 2, '2020-07-19 08:12:35', 1, 0),
(9, 5, '2020-07-19 08:12:35', 1, 0),
(12, 1, '2020-07-19 08:12:35', 1, 0),
(13, 18, '0000-00-00 00:00:00', 0, 0),
(14, 18, '2020-07-25 13:53:13', 0, 0),
(15, 18, '2020-07-25 13:53:16', 0, 0),
(16, 18, '2020-07-25 13:53:26', 0, 0),
(17, 18, '2020-07-25 13:53:36', 0, 0),
(18, 18, '2020-07-25 13:53:38', 0, 0),
(19, 18, '2020-07-25 13:53:47', 0, 0),
(20, 18, '2020-07-25 13:54:00', 0, 0),
(21, 18, '2020-07-25 13:54:06', 0, 0),
(22, 18, '2020-07-25 13:54:16', 0, 0),
(23, 18, '2020-07-25 13:54:27', 0, 0),
(24, 18, '2020-07-25 13:54:30', 0, 0),
(25, 18, '2020-07-25 13:54:41', 0, 0),
(26, 18, '2020-07-25 13:54:46', 0, 0),
(27, 18, '2020-07-25 13:54:46', 0, 0),
(28, 18, '2020-07-25 13:54:58', 0, 0),
(29, 18, '2020-07-25 13:55:04', 0, 0),
(30, 18, '2020-07-25 13:55:06', 0, 0),
(31, 18, '2020-07-25 13:55:18', 0, 0),
(32, 18, '2020-07-25 13:55:26', 0, 0),
(33, 18, '2020-07-25 13:55:37', 0, 0),
(34, 18, '2020-07-25 13:55:48', 0, 0),
(35, 18, '2020-07-25 13:55:59', 0, 0),
(36, 18, '2020-07-25 13:56:06', 0, 0),
(37, 18, '2020-07-25 13:56:16', 0, 0),
(38, 18, '2020-07-25 13:56:29', 0, 0),
(39, 18, '2020-07-25 13:56:36', 0, 0),
(40, 18, '2020-07-25 13:56:46', 0, 0),
(41, 18, '2020-07-25 13:56:58', 0, 0),
(42, 18, '2020-07-25 13:57:06', 0, 0),
(43, 18, '2020-07-25 13:57:17', 0, 0),
(44, 18, '2020-07-25 13:57:20', 0, 0),
(45, 18, '2020-07-25 13:57:27', 0, 0),
(46, 18, '2020-07-25 13:57:37', 0, 0),
(47, 18, '2020-07-25 13:57:40', 0, 0),
(48, 18, '2020-07-25 13:57:48', 0, 0),
(49, 18, '2020-07-25 13:58:00', 0, 0),
(50, 18, '2020-07-25 13:58:06', 0, 0),
(51, 18, '2020-07-25 13:58:16', 0, 0),
(52, 18, '2020-07-25 13:58:29', 0, 0),
(53, 18, '2020-07-25 13:58:36', 0, 0),
(54, 18, '2020-07-25 13:58:45', 0, 0),
(55, 18, '2020-07-25 13:58:46', 0, 0),
(56, 18, '2020-07-25 13:58:57', 0, 0),
(57, 18, '2020-07-25 13:59:06', 0, 0),
(58, 18, '2020-07-25 13:59:16', 0, 0),
(59, 18, '2020-07-25 13:59:27', 0, 0),
(60, 18, '2020-07-25 13:59:36', 0, 0),
(61, 18, '2020-07-25 13:59:46', 0, 0),
(62, 18, '0000-00-00 00:00:00', 0, 0),
(63, 18, '0000-00-00 00:00:00', 0, 0),
(64, 18, '2020-07-25 14:00:15', 0, 0),
(65, 18, '2020-07-25 14:00:16', 0, 0),
(66, 18, '2020-07-25 14:00:30', 0, 0),
(67, 18, '2020-07-25 14:00:36', 0, 0),
(68, 18, '2020-07-25 14:00:47', 0, 0),
(69, 18, '2020-07-25 14:00:56', 0, 0),
(70, 18, '2020-07-25 14:01:07', 0, 0),
(71, 18, '2020-07-25 14:01:11', 0, 0),
(72, 18, '2020-07-25 14:01:21', 0, 0),
(73, 18, '2020-07-25 14:01:27', 0, 0),
(74, 18, '2020-07-25 14:01:37', 0, 0),
(75, 18, '2020-07-25 14:01:51', 0, 0),
(76, 18, '2020-07-25 14:01:51', 0, 0),
(77, 18, '2020-07-25 14:01:57', 0, 0),
(78, 18, '2020-07-25 14:02:07', 0, 0),
(79, 18, '2020-07-25 14:02:19', 0, 0),
(80, 18, '2020-07-25 14:02:27', 0, 0),
(81, 18, '2020-07-25 14:02:37', 0, 0),
(82, 18, '2020-07-25 14:02:48', 0, 0),
(83, 18, '2020-07-25 14:02:50', 0, 0),
(84, 18, '2020-07-25 14:02:57', 0, 0),
(85, 18, '2020-07-25 14:03:07', 0, 0),
(86, 18, '2020-07-25 14:03:17', 0, 0),
(87, 18, '2020-07-25 14:03:33', 0, 0),
(88, 18, '2020-07-25 14:03:35', 0, 0),
(89, 18, '2020-07-25 14:03:37', 0, 0),
(90, 18, '2020-07-25 14:03:40', 0, 0),
(91, 18, '2020-07-25 14:03:43', 0, 0),
(92, 18, '2020-07-25 14:03:48', 0, 0),
(93, 18, '2020-07-25 14:03:56', 0, 0),
(94, 18, '2020-07-25 14:04:05', 0, 0),
(95, 18, '2020-07-25 14:04:13', 0, 0),
(96, 18, '2020-07-25 14:04:18', 0, 0),
(97, 18, '2020-07-25 14:04:27', 0, 0),
(98, 18, '2020-07-25 14:04:37', 0, 0),
(99, 18, '2020-07-25 14:04:51', 0, 0),
(100, 18, '2020-07-25 14:04:57', 0, 0),
(101, 18, '2020-07-25 14:05:01', 0, 0),
(102, 18, '2020-07-25 14:05:07', 0, 0),
(103, 18, '2020-07-25 14:05:22', 0, 0),
(104, 18, '2020-07-25 14:05:24', 0, 0),
(105, 18, '2020-07-25 14:05:27', 0, 0),
(106, 18, '2020-07-25 14:05:37', 0, 0),
(107, 18, '2020-07-25 14:05:47', 0, 0),
(108, 18, '2020-07-25 14:05:49', 0, 0),
(109, 18, '2020-07-25 14:05:57', 0, 0),
(110, 18, '2020-07-25 14:06:03', 0, 0),
(111, 18, '2020-07-25 14:06:06', 0, 0),
(112, 18, '2020-07-25 14:06:10', 0, 0),
(113, 18, '2020-07-25 14:06:17', 0, 0),
(114, 18, '2020-07-25 14:06:26', 0, 0),
(115, 18, '2020-07-25 14:06:36', 0, 0),
(116, 18, '2020-07-25 14:06:48', 0, 0),
(117, 18, '2020-07-25 14:06:56', 0, 0),
(118, 18, '2020-07-25 14:07:06', 0, 0),
(119, 18, '2020-07-25 14:07:16', 0, 0),
(120, 18, '2020-07-25 14:07:26', 0, 0),
(121, 18, '2020-07-25 14:07:38', 0, 0),
(122, 18, '2020-07-25 14:07:46', 0, 0),
(123, 18, '2020-07-25 14:07:56', 0, 0),
(138, 18, '2020-07-25 14:19:12', 0, 0),
(139, 18, '2020-07-25 14:19:16', 0, 0),
(140, 18, '2020-07-25 14:19:31', 0, 0),
(141, 18, '2020-07-25 14:19:36', 0, 0),
(142, 18, '2020-07-25 14:19:47', 0, 0),
(143, 18, '2020-07-25 14:19:58', 0, 0),
(144, 18, '2020-07-25 14:20:06', 0, 0),
(145, 18, '2020-07-25 14:20:16', 0, 0),
(146, 18, '2020-07-25 14:20:29', 0, 0),
(147, 18, '2020-07-25 14:20:37', 0, 0),
(148, 18, '2020-07-25 14:20:47', 0, 0),
(149, 18, '2020-07-25 14:20:57', 0, 0),
(150, 18, '2020-07-25 14:21:01', 0, 0),
(151, 18, '2020-07-25 14:21:12', 0, 0),
(152, 18, '2020-07-25 14:21:15', 0, 0),
(153, 18, '2020-07-25 14:21:17', 0, 0),
(154, 18, '2020-07-25 14:21:23', 0, 0),
(155, 18, '2020-07-25 14:21:26', 0, 0),
(156, 18, '2020-07-25 14:21:31', 0, 0),
(157, 18, '2020-07-25 14:21:33', 0, 0),
(158, 18, '2020-07-25 14:21:37', 0, 0),
(159, 18, '2020-07-25 14:21:47', 0, 0),
(160, 18, '2020-07-25 14:21:57', 0, 0),
(161, 18, '2020-07-25 14:22:07', 0, 0),
(162, 18, '2020-07-25 14:22:17', 0, 0),
(163, 18, '2020-07-25 14:22:30', 0, 0),
(164, 18, '2020-07-25 14:22:37', 0, 0),
(165, 18, '2020-07-25 14:22:50', 0, 0),
(166, 18, '2020-07-25 14:22:57', 0, 0),
(167, 18, '2020-07-25 14:23:07', 0, 0),
(168, 18, '2020-07-25 14:23:21', 0, 0),
(169, 18, '2020-07-25 14:23:27', 0, 0),
(170, 18, '2020-07-25 14:23:37', 0, 0),
(171, 18, '2020-07-25 14:23:44', 0, 0),
(172, 18, '2020-07-25 14:23:49', 0, 0),
(173, 18, '2020-07-25 14:23:57', 0, 0),
(174, 18, '2020-07-25 14:24:07', 0, 0),
(175, 18, '2020-07-25 14:24:20', 0, 0),
(176, 18, '2020-07-25 14:24:27', 0, 0),
(177, 18, '2020-07-25 14:24:52', 0, 0),
(178, 18, '2020-07-25 14:24:57', 0, 0),
(179, 18, '2020-07-25 14:25:06', 0, 0),
(180, 18, '2020-07-25 14:25:21', 0, 0),
(181, 18, '2020-07-25 14:25:27', 0, 0),
(182, 18, '2020-07-25 14:25:37', 0, 0),
(183, 18, '2020-07-25 14:25:47', 0, 0),
(184, 18, '2020-07-25 14:26:00', 0, 0),
(185, 18, '2020-07-25 14:26:07', 0, 0),
(186, 18, '2020-07-25 14:26:17', 0, 0),
(187, 18, '2020-07-25 14:26:30', 0, 0),
(188, 18, '2020-07-25 14:26:37', 0, 0),
(189, 18, '2020-07-25 14:26:48', 0, 0),
(190, 18, '2020-07-25 14:27:02', 0, 0),
(191, 18, '2020-07-25 14:27:07', 0, 0),
(192, 18, '2020-07-25 14:27:20', 0, 0),
(193, 18, '2020-07-25 14:27:27', 0, 0),
(194, 18, '2020-07-25 14:27:35', 0, 0),
(195, 18, '2020-07-25 14:27:37', 0, 0),
(196, 18, '2020-07-25 14:27:52', 0, 0),
(197, 18, '2020-07-25 14:27:54', 0, 0),
(198, 18, '2020-07-25 14:27:56', 0, 0),
(199, 18, '2020-07-25 14:27:57', 0, 0),
(200, 18, '2020-07-25 14:28:06', 0, 0),
(201, 18, '2020-07-25 14:28:07', 0, 0),
(202, 18, '2020-07-25 14:29:18', 0, 0),
(203, 18, '2020-07-25 14:29:31', 0, 0),
(204, 18, '2020-07-25 14:29:37', 0, 0),
(205, 18, '2020-07-25 14:29:48', 0, 0),
(206, 18, '2020-07-25 14:30:00', 0, 0),
(207, 18, '2020-07-25 14:30:11', 0, 0),
(208, 18, '2020-07-25 14:30:15', 0, 0),
(209, 18, '2020-07-25 14:30:21', 0, 0),
(210, 18, '2020-07-25 14:30:27', 0, 0),
(211, 18, '2020-07-25 14:30:35', 0, 0),
(212, 18, '2020-07-25 14:30:37', 0, 0),
(213, 18, '2020-07-25 14:30:52', 0, 0),
(214, 18, '2020-07-25 14:30:57', 0, 0),
(215, 18, '2020-07-25 14:31:17', 0, 0),
(216, 18, '2020-07-25 14:31:17', 0, 0),
(217, 18, '2020-07-25 14:31:29', 0, 0),
(218, 18, '2020-07-25 14:31:51', 0, 0),
(219, 18, '2020-07-25 14:32:02', 0, 0),
(220, 18, '2020-07-25 14:32:36', 0, 0),
(221, 18, '2020-07-25 14:32:37', 0, 0),
(222, 18, '2020-07-25 14:32:47', 0, 0),
(223, 18, '2020-07-25 14:33:01', 0, 0),
(224, 18, '2020-07-25 14:33:01', 0, 0),
(225, 18, '2020-07-25 14:33:07', 0, 0),
(226, 18, '2020-07-25 14:33:17', 0, 0),
(227, 18, '2020-07-25 14:33:28', 0, 0),
(228, 18, '2020-07-25 14:33:37', 0, 0),
(229, 18, '2020-07-25 14:33:47', 0, 0),
(230, 18, '2020-07-25 14:33:55', 0, 0),
(231, 18, '2020-07-25 14:33:57', 0, 0),
(232, 18, '2020-07-25 14:33:57', 0, 0),
(233, 18, '2020-07-25 14:34:12', 0, 0),
(234, 18, '2020-07-25 14:34:17', 0, 0),
(235, 18, '2020-07-25 14:34:27', 0, 0),
(236, 18, '2020-07-25 14:34:29', 0, 0),
(237, 18, '2020-07-25 14:34:39', 0, 0),
(238, 18, '2020-07-25 14:34:47', 0, 0),
(239, 18, '2020-07-25 14:34:57', 0, 0),
(240, 18, '2020-07-25 14:35:07', 0, 0),
(241, 18, '2020-07-25 14:35:17', 0, 0),
(242, 18, '2020-07-25 14:35:27', 1, 0),
(243, 18, '2020-07-25 14:35:27', 0, 0),
(244, 18, '2020-07-25 14:35:37', 1, 0),
(245, 18, '2020-07-25 14:35:51', 0, 0),
(246, 18, '2020-07-25 14:35:57', 0, 0),
(247, 18, '2020-07-25 14:36:07', 0, 0),
(248, 18, '2020-07-25 14:36:18', 1, 0),
(249, 18, '2020-07-25 14:36:26', 0, 0),
(250, 18, '2020-07-25 14:36:32', 0, 0),
(251, 18, '2020-07-25 14:36:37', 0, 0),
(252, 18, '2020-07-25 14:36:49', 1, 0),
(253, 18, '2020-07-25 14:37:19', 0, 0),
(254, 18, '2020-07-25 14:37:31', 0, 0),
(255, 18, '2020-07-25 14:37:37', 1, 0),
(256, 18, '2020-07-25 14:37:47', 1, 0),
(257, 18, '2020-07-25 14:38:00', 1, 0),
(258, 18, '2020-07-25 14:38:07', 1, 0),
(259, 18, '2020-07-25 14:38:17', 1, 0),
(260, 18, '2020-07-25 14:38:27', 0, 0),
(261, 18, '2020-07-25 14:38:42', 0, 0),
(262, 18, '2020-07-25 14:38:47', 1, 0),
(263, 18, '2020-07-25 14:38:57', 1, 0),
(264, 18, '2020-07-25 14:39:09', 0, 0),
(265, 18, '2020-07-25 14:39:17', 1, 0),
(266, 18, '2020-07-25 14:39:27', 0, 0),
(267, 18, '2020-07-25 14:39:31', 0, 0),
(268, 18, '2020-07-25 14:39:40', 0, 0),
(269, 18, '2020-07-25 14:39:47', 0, 0),
(270, 18, '2020-07-25 14:39:57', 1, 0),
(271, 18, '2020-07-25 14:40:09', 1, 0),
(272, 18, '2020-07-25 14:40:24', 0, 0),
(273, 18, '2020-07-25 14:40:27', 1, 0),
(274, 18, '2020-07-25 14:40:37', 1, 0),
(275, 18, '2020-07-25 14:40:47', 1, 0),
(276, 18, '2020-07-25 14:40:59', 0, 0),
(277, 18, '2020-07-25 14:41:07', 0, 0),
(278, 18, '2020-07-25 14:41:15', 0, 0),
(279, 18, '2020-07-25 14:41:17', 1, 0),
(280, 18, '2020-07-25 14:41:27', 1, 0),
(281, 18, '2020-07-25 14:41:37', 0, 0),
(282, 18, '2020-07-25 14:41:49', 0, 0),
(283, 18, '2020-07-25 14:41:54', 0, 0),
(284, 18, '2020-07-25 14:41:57', 1, 0),
(285, 18, '2020-07-25 14:42:07', 0, 0),
(286, 18, '2020-07-25 14:42:17', 0, 0),
(287, 18, '2020-07-25 14:42:59', 0, 0),
(288, 18, '2020-07-25 14:43:07', 1, 0),
(289, 18, '2020-07-25 14:43:10', 0, 0),
(290, 18, '2020-07-25 14:43:19', 0, 0),
(291, 18, '2020-07-25 14:43:29', 1, 0),
(292, 18, '2020-07-25 14:43:37', 1, 0),
(293, 18, '2020-07-25 14:43:44', 0, 0),
(294, 18, '2020-07-25 14:43:47', 1, 0),
(295, 18, '2020-07-25 14:43:59', 0, 0),
(296, 18, '2020-07-25 14:44:07', 1, 0),
(297, 18, '2020-07-25 14:44:15', 0, 0),
(298, 18, '2020-07-25 14:44:17', 0, 0),
(299, 18, '2020-07-25 14:44:27', 0, 0),
(300, 18, '2020-07-25 14:44:29', 0, 0),
(301, 18, '2020-07-25 14:44:38', 0, 0),
(302, 18, '2020-07-25 14:44:47', 1, 0),
(303, 18, '2020-07-25 14:44:57', 1, 0),
(304, 18, '2020-07-25 14:45:09', 1, 0),
(305, 18, '2020-07-25 14:45:15', 0, 0),
(306, 18, '2020-07-25 14:45:17', 0, 0),
(307, 18, '2020-07-25 14:45:26', 0, 0),
(308, 18, '2020-07-25 14:45:27', 0, 0),
(309, 18, '2020-07-25 14:45:31', 0, 0),
(310, 18, '2020-07-25 14:45:40', 1, 0),
(311, 18, '2020-07-25 14:45:47', 1, 0),
(312, 18, '2020-07-25 14:45:49', 0, 0),
(313, 18, '2020-07-25 14:45:58', 1, 0),
(314, 18, '2020-07-25 14:46:06', 0, 0),
(315, 18, '2020-07-25 14:46:07', 1, 0),
(316, 18, '2020-07-25 14:46:22', 1, 0),
(317, 18, '2020-07-25 14:46:27', 1, 0),
(318, 18, '2020-07-25 14:46:37', 1, 0),
(319, 18, '2020-07-25 14:46:50', 0, 0),
(320, 18, '2020-07-25 14:46:57', 1, 0),
(321, 18, '2020-07-25 14:47:07', 1, 0),
(322, 18, '2020-07-25 14:47:17', 1, 0),
(323, 18, '2020-07-25 14:47:30', 1, 0),
(324, 18, '2020-07-25 14:47:37', 0, 0),
(325, 18, '2020-07-25 14:47:47', 0, 0),
(326, 18, '2020-07-25 14:47:58', 0, 0),
(327, 18, '2020-07-25 14:48:10', 1, 0),
(328, 18, '2020-07-25 14:48:17', 1, 0),
(329, 18, '2020-07-25 14:48:27', 0, 0),
(330, 18, '2020-07-25 14:48:37', 1, 0),
(331, 18, '2020-07-25 14:48:48', 0, 0),
(332, 18, '2020-07-25 14:49:01', 1, 0),
(333, 18, '2020-07-25 14:49:07', 1, 0),
(334, 18, '2020-07-25 14:49:17', 0, 0),
(335, 18, '2020-07-25 14:49:37', 1, 0),
(336, 18, '2020-07-25 14:49:37', 0, 0),
(337, 18, '2020-07-25 14:49:47', 0, 0),
(338, 18, '2020-07-25 14:49:55', 0, 0),
(339, 18, '2020-07-25 14:49:55', 0, 0),
(340, 18, '2020-07-25 14:49:57', 1, 0),
(341, 18, '2020-07-25 14:50:07', 0, 0),
(342, 18, '2020-07-25 14:50:15', 0, 0),
(343, 18, '2020-07-25 14:50:15', 0, 0),
(344, 18, '2020-07-25 14:50:17', 0, 0),
(345, 18, '2020-07-25 14:50:17', 0, 0),
(346, 18, '2020-07-25 14:50:30', 1, 0),
(347, 18, '2020-07-25 14:50:30', 1, 0),
(348, 18, '2020-07-25 14:50:38', 1, 0),
(349, 18, '2020-07-25 14:50:38', 1, 0),
(350, 18, '2020-07-25 14:50:49', 1, 0),
(351, 18, '2020-07-25 14:50:49', 1, 0),
(352, 18, '2020-07-25 14:51:02', 1, 0),
(353, 18, '2020-07-25 14:51:02', 0, 0),
(354, 18, '2020-07-25 14:51:07', 0, 0),
(355, 18, '2020-07-25 14:51:07', 1, 0),
(356, 18, '2020-07-25 14:51:17', 0, 0),
(357, 18, '2020-07-25 14:51:17', 1, 0),
(358, 18, '2020-07-25 14:51:17', 0, 0),
(359, 18, '2020-07-25 14:51:17', 0, 0),
(360, 18, '2020-07-25 14:51:17', 0, 0),
(361, 18, '2020-07-25 14:51:17', 0, 0),
(362, 18, '2020-07-25 14:51:17', 0, 0),
(363, 18, '2020-07-25 14:51:17', 0, 0),
(364, 18, '2020-07-25 14:51:18', 0, 0),
(365, 18, '2020-07-25 14:51:18', 0, 0),
(366, 18, '2020-07-25 14:51:18', 0, 0),
(367, 18, '2020-07-25 14:51:18', 0, 0),
(368, 18, '2020-07-25 14:51:18', 0, 0),
(369, 18, '2020-07-25 14:51:18', 0, 0),
(370, 18, '2020-07-25 14:51:18', 0, 0),
(371, 18, '2020-07-25 14:51:18', 0, 0),
(372, 18, '2020-07-25 14:51:18', 0, 0),
(373, 18, '2020-07-25 14:51:18', 0, 0),
(374, 18, '2020-07-25 14:51:18', 0, 0),
(375, 18, '2020-07-25 14:51:18', 0, 0),
(376, 18, '2020-07-25 14:51:18', 0, 0),
(377, 18, '2020-07-25 14:51:18', 0, 0),
(378, 18, '2020-07-25 14:51:18', 0, 0),
(379, 18, '2020-07-25 14:51:18', 0, 0),
(380, 18, '2020-07-25 14:51:18', 0, 0),
(381, 18, '2020-07-25 14:51:18', 0, 0),
(382, 18, '2020-07-25 14:51:18', 0, 0),
(383, 18, '2020-07-25 14:51:18', 0, 0),
(384, 18, '2020-07-25 14:51:18', 0, 0),
(385, 18, '2020-07-25 14:51:18', 0, 0),
(386, 18, '2020-07-25 14:51:18', 0, 0),
(387, 18, '2020-07-25 14:51:18', 0, 0),
(388, 18, '2020-07-25 14:51:18', 0, 0),
(389, 18, '2020-07-25 14:51:18', 0, 0),
(390, 18, '2020-07-25 14:51:18', 0, 0),
(391, 18, '2020-07-25 14:51:18', 0, 0),
(392, 18, '2020-07-25 14:51:18', 0, 0),
(393, 18, '2020-07-25 14:51:18', 0, 0),
(394, 18, '2020-07-25 14:51:18', 0, 0),
(395, 18, '2020-07-25 14:51:18', 0, 0),
(396, 18, '2020-07-25 14:51:18', 0, 0),
(397, 18, '2020-07-25 14:51:18', 0, 0),
(398, 18, '2020-07-25 14:51:18', 0, 0),
(399, 18, '2020-07-25 14:51:18', 0, 0),
(400, 18, '2020-07-25 14:51:18', 0, 0),
(401, 18, '2020-07-25 14:51:18', 0, 0),
(402, 18, '2020-07-25 14:51:18', 0, 0),
(403, 18, '2020-07-25 14:51:18', 0, 0),
(404, 18, '2020-07-25 14:51:18', 0, 0),
(405, 18, '2020-07-25 14:51:18', 0, 0),
(406, 18, '2020-07-25 14:51:18', 0, 0),
(407, 18, '2020-07-25 14:51:18', 0, 0),
(408, 18, '2020-07-25 14:51:18', 0, 0),
(409, 18, '2020-07-25 14:51:18', 0, 0),
(410, 18, '2020-07-25 14:51:18', 0, 0),
(411, 18, '2020-07-25 14:51:18', 0, 0),
(412, 18, '2020-07-25 14:51:18', 0, 0),
(413, 18, '2020-07-25 14:51:18', 0, 0),
(414, 18, '2020-07-25 14:51:18', 0, 0),
(415, 18, '2020-07-25 14:51:18', 0, 0),
(416, 18, '2020-07-25 14:51:18', 0, 0),
(417, 18, '2020-07-25 14:51:18', 0, 0),
(418, 18, '2020-07-25 14:51:18', 0, 0),
(419, 18, '2020-07-25 14:51:18', 0, 0),
(420, 18, '2020-07-25 14:51:18', 0, 0),
(421, 18, '2020-07-25 14:51:18', 0, 0),
(422, 18, '2020-07-25 14:51:18', 0, 0),
(423, 18, '2020-07-25 14:51:18', 0, 0),
(424, 18, '2020-07-25 14:51:18', 0, 0),
(425, 18, '2020-07-25 14:51:18', 0, 0),
(426, 18, '2020-07-25 14:51:18', 0, 0),
(427, 18, '2020-07-25 14:51:18', 0, 0),
(428, 18, '2020-07-25 14:51:18', 0, 0),
(429, 18, '2020-07-25 14:51:18', 0, 0),
(430, 18, '2020-07-25 14:51:18', 0, 0),
(431, 18, '2020-07-25 14:51:18', 0, 0),
(432, 18, '2020-07-25 14:51:18', 0, 0),
(433, 18, '2020-07-25 14:51:18', 0, 0),
(434, 18, '2020-07-25 14:51:18', 0, 0),
(435, 18, '2020-07-25 14:51:18', 0, 0),
(436, 18, '2020-07-25 14:51:18', 0, 0),
(437, 18, '2020-07-25 14:51:18', 0, 0),
(438, 18, '2020-07-25 14:51:18', 0, 0),
(439, 18, '2020-07-25 14:51:18', 0, 0),
(440, 18, '2020-07-25 14:51:18', 0, 0),
(441, 18, '2020-07-25 14:51:18', 0, 0),
(442, 18, '2020-07-25 14:51:18', 0, 0),
(443, 18, '2020-07-25 14:51:18', 0, 0),
(444, 18, '2020-07-25 14:51:18', 0, 0),
(445, 18, '2020-07-25 14:51:18', 0, 0),
(446, 18, '2020-07-25 14:51:18', 0, 0),
(447, 18, '2020-07-25 14:51:18', 0, 0),
(448, 18, '2020-07-25 14:51:18', 0, 0),
(449, 18, '2020-07-25 14:51:18', 0, 0),
(450, 18, '2020-07-25 14:51:18', 0, 0),
(451, 18, '2020-07-25 14:51:18', 0, 0),
(452, 18, '2020-07-25 14:51:18', 0, 0),
(453, 18, '2020-07-25 14:51:18', 0, 0),
(454, 18, '2020-07-25 14:51:18', 0, 0),
(455, 18, '2020-07-25 14:51:18', 0, 0),
(456, 18, '2020-07-25 14:51:18', 0, 0),
(457, 18, '2020-07-25 14:51:18', 0, 0),
(458, 18, '2020-07-25 14:51:18', 0, 0),
(459, 18, '2020-07-25 14:51:18', 0, 0),
(460, 18, '2020-07-25 14:51:18', 0, 0),
(461, 18, '2020-07-25 14:51:18', 0, 0),
(462, 18, '2020-07-25 14:51:18', 0, 0),
(463, 18, '2020-07-25 14:51:18', 0, 0),
(464, 18, '2020-07-25 14:51:18', 0, 0),
(465, 18, '2020-07-25 14:51:18', 0, 0),
(466, 18, '2020-07-25 14:51:18', 0, 0),
(467, 18, '2020-07-25 14:51:18', 0, 0),
(468, 18, '2020-07-25 14:51:18', 0, 0),
(469, 18, '2020-07-25 14:51:18', 0, 0),
(470, 18, '2020-07-25 14:51:18', 0, 0),
(471, 18, '2020-07-25 14:51:18', 0, 0),
(472, 18, '2020-07-25 14:51:18', 0, 0),
(473, 18, '2020-07-25 14:51:18', 0, 0),
(474, 18, '2020-07-25 14:51:18', 0, 0),
(475, 18, '2020-07-25 14:51:18', 0, 0),
(476, 18, '2020-07-25 14:51:18', 0, 0),
(477, 18, '2020-07-25 14:51:18', 0, 0),
(478, 18, '2020-07-25 14:51:18', 0, 0),
(479, 18, '2020-07-25 14:51:18', 0, 0),
(480, 18, '2020-07-25 14:51:18', 0, 0),
(481, 18, '2020-07-25 14:51:18', 0, 0),
(482, 18, '2020-07-25 14:51:18', 0, 0),
(483, 18, '2020-07-25 14:51:18', 0, 0),
(484, 18, '2020-07-25 14:51:18', 0, 0),
(485, 18, '2020-07-25 14:51:18', 0, 0),
(486, 18, '2020-07-25 14:51:18', 0, 0),
(487, 18, '2020-07-25 14:51:18', 0, 0),
(488, 18, '2020-07-25 14:51:18', 0, 0),
(489, 18, '2020-07-25 14:51:18', 0, 0),
(490, 18, '2020-07-25 14:51:18', 0, 0),
(491, 18, '2020-07-25 14:51:18', 0, 0),
(492, 18, '2020-07-25 14:51:18', 0, 0),
(493, 18, '2020-07-25 14:51:18', 0, 0),
(494, 18, '2020-07-25 14:51:18', 0, 0),
(495, 18, '2020-07-25 14:51:18', 0, 0),
(496, 18, '2020-07-25 14:51:18', 0, 0),
(497, 18, '2020-07-25 14:51:18', 0, 0),
(498, 18, '2020-07-25 14:51:18', 0, 0),
(499, 18, '2020-07-25 14:51:18', 0, 0),
(500, 18, '2020-07-25 14:51:18', 0, 0),
(501, 18, '2020-07-25 14:51:18', 0, 0),
(502, 18, '2020-07-25 14:51:18', 0, 0),
(503, 18, '2020-07-25 14:51:18', 0, 0),
(504, 18, '2020-07-25 14:51:18', 0, 0),
(505, 18, '2020-07-25 14:51:18', 0, 0),
(506, 18, '2020-07-25 14:51:18', 0, 0),
(507, 18, '2020-07-25 14:51:18', 0, 0),
(508, 18, '2020-07-25 14:51:18', 0, 0),
(509, 18, '2020-07-25 14:51:18', 0, 0),
(510, 18, '2020-07-25 14:51:18', 0, 0),
(511, 18, '2020-07-25 14:51:18', 0, 0),
(512, 18, '2020-07-25 14:51:18', 0, 0),
(513, 18, '2020-07-25 14:51:18', 0, 0),
(514, 18, '2020-07-25 14:51:18', 0, 0),
(515, 18, '2020-07-25 14:51:18', 0, 0),
(516, 18, '2020-07-25 14:51:18', 0, 0),
(517, 18, '2020-07-25 14:51:18', 0, 0),
(518, 18, '2020-07-25 14:51:18', 0, 0),
(519, 18, '2020-07-25 14:51:18', 0, 0),
(520, 18, '2020-07-25 14:51:18', 0, 0),
(521, 18, '2020-07-25 14:51:18', 0, 0),
(522, 18, '2020-07-25 14:51:19', 0, 0),
(523, 18, '2020-07-25 14:51:19', 0, 0),
(524, 18, '2020-07-25 14:51:19', 0, 0),
(525, 18, '2020-07-25 14:51:19', 0, 0),
(526, 18, '2020-07-25 14:51:19', 0, 0),
(527, 18, '2020-07-25 14:51:19', 0, 0),
(528, 18, '2020-07-25 14:51:19', 0, 0),
(529, 18, '2020-07-25 14:51:19', 0, 0),
(530, 18, '2020-07-25 14:51:19', 0, 0),
(531, 18, '2020-07-25 14:51:19', 0, 0),
(532, 18, '2020-07-25 14:51:19', 0, 0),
(533, 18, '2020-07-25 14:51:19', 0, 0),
(534, 18, '2020-07-25 14:51:19', 0, 0),
(535, 18, '2020-07-25 14:51:19', 0, 0),
(536, 18, '2020-07-25 14:51:19', 0, 0),
(537, 18, '2020-07-25 14:51:19', 0, 0),
(538, 18, '2020-07-25 14:51:19', 0, 0),
(539, 18, '2020-07-25 14:51:19', 0, 0),
(540, 18, '2020-07-25 14:51:19', 0, 0),
(541, 18, '2020-07-25 14:51:19', 0, 0),
(542, 18, '2020-07-25 14:51:19', 0, 0),
(543, 18, '2020-07-25 14:51:19', 0, 0),
(544, 18, '2020-07-25 14:51:19', 0, 0),
(545, 18, '2020-07-25 14:51:19', 0, 0),
(546, 18, '2020-07-25 14:51:19', 0, 0),
(547, 18, '2020-07-25 14:51:19', 0, 0),
(548, 18, '2020-07-25 14:51:19', 0, 0),
(549, 18, '2020-07-25 14:51:19', 0, 0),
(550, 18, '2020-07-25 14:51:19', 0, 0),
(551, 18, '2020-07-25 14:51:19', 0, 0),
(552, 18, '2020-07-25 14:51:19', 0, 0),
(553, 18, '2020-07-25 14:51:19', 0, 0),
(554, 18, '2020-07-25 14:51:19', 0, 0),
(555, 18, '2020-07-25 14:51:19', 0, 0),
(556, 18, '2020-07-25 14:51:19', 0, 0),
(557, 18, '2020-07-25 14:51:19', 0, 0),
(558, 18, '2020-07-25 14:51:19', 0, 0),
(559, 18, '2020-07-25 14:51:19', 0, 0),
(560, 18, '2020-07-25 14:51:19', 0, 0),
(561, 18, '2020-07-25 14:51:19', 0, 0),
(562, 18, '2020-07-25 14:51:19', 0, 0),
(563, 18, '2020-07-25 14:51:19', 0, 0),
(564, 18, '2020-07-25 14:51:19', 0, 0),
(565, 18, '2020-07-25 14:51:19', 0, 0),
(566, 18, '2020-07-25 14:51:19', 0, 0),
(567, 18, '2020-07-25 14:51:19', 0, 0),
(568, 18, '2020-07-25 14:51:19', 0, 0),
(569, 18, '2020-07-25 14:51:19', 0, 0),
(570, 18, '2020-07-25 14:51:19', 0, 0),
(571, 18, '2020-07-25 14:51:19', 0, 0),
(572, 18, '2020-07-25 14:51:19', 0, 0),
(573, 18, '2020-07-25 14:51:19', 0, 0),
(574, 18, '2020-07-25 14:51:19', 0, 0),
(575, 18, '2020-07-25 14:51:19', 0, 0),
(576, 18, '2020-07-25 14:51:19', 0, 0),
(577, 18, '2020-07-25 14:51:19', 0, 0),
(578, 18, '2020-07-25 14:51:19', 0, 0),
(579, 18, '2020-07-25 14:51:19', 0, 0),
(580, 18, '2020-07-25 14:51:19', 0, 0),
(581, 18, '2020-07-25 14:51:19', 0, 0),
(582, 18, '2020-07-25 14:51:19', 0, 0),
(583, 18, '2020-07-25 14:51:19', 0, 0),
(584, 18, '2020-07-25 14:51:19', 0, 0),
(585, 18, '2020-07-25 14:51:19', 0, 0),
(586, 18, '2020-07-25 14:51:19', 0, 0),
(587, 18, '2020-07-25 14:51:19', 0, 0),
(588, 18, '2020-07-25 14:51:19', 0, 0),
(589, 18, '2020-07-25 14:51:19', 0, 0),
(590, 18, '2020-07-25 14:51:19', 0, 0),
(591, 18, '2020-07-25 14:51:19', 0, 0),
(592, 18, '2020-07-25 14:51:19', 0, 0),
(593, 18, '2020-07-25 14:51:19', 0, 0),
(594, 18, '2020-07-25 14:51:19', 0, 0),
(595, 18, '2020-07-25 14:51:19', 0, 0),
(596, 18, '2020-07-25 14:51:19', 0, 0),
(597, 18, '2020-07-25 14:51:19', 0, 0),
(598, 18, '2020-07-25 14:51:19', 0, 0),
(599, 18, '2020-07-25 14:51:19', 0, 0),
(600, 18, '2020-07-25 14:51:19', 0, 0),
(601, 18, '2020-07-25 14:51:19', 0, 0),
(602, 18, '2020-07-25 14:51:19', 0, 0),
(603, 18, '2020-07-25 14:51:19', 0, 0),
(604, 18, '2020-07-25 14:51:19', 0, 0),
(605, 18, '2020-07-25 14:51:19', 0, 0),
(606, 18, '2020-07-25 14:51:19', 0, 0),
(607, 18, '2020-07-25 14:51:19', 0, 0),
(608, 18, '2020-07-25 14:51:19', 0, 0),
(609, 18, '2020-07-25 14:51:19', 0, 0),
(610, 18, '2020-07-25 14:51:19', 0, 0),
(611, 18, '2020-07-25 14:51:19', 0, 0),
(612, 18, '2020-07-25 14:51:19', 0, 0),
(613, 18, '2020-07-25 14:51:19', 0, 0),
(614, 18, '2020-07-25 14:51:19', 0, 0),
(615, 18, '2020-07-25 14:51:19', 0, 0),
(616, 18, '2020-07-25 14:51:19', 0, 0),
(617, 18, '2020-07-25 14:51:19', 0, 0),
(618, 18, '2020-07-25 14:51:19', 0, 0),
(619, 18, '2020-07-25 14:51:19', 0, 0),
(620, 18, '2020-07-25 14:51:19', 0, 0),
(621, 18, '2020-07-25 14:51:19', 0, 0),
(622, 18, '2020-07-25 14:51:19', 0, 0),
(623, 18, '2020-07-25 14:51:19', 0, 0),
(624, 18, '2020-07-25 14:51:19', 0, 0),
(625, 18, '2020-07-25 14:51:19', 0, 0),
(626, 18, '2020-07-25 14:51:19', 0, 0),
(627, 18, '2020-07-25 14:51:19', 0, 0),
(628, 18, '2020-07-25 14:51:19', 0, 0),
(629, 18, '2020-07-25 14:51:19', 0, 0),
(630, 18, '2020-07-25 14:51:19', 0, 0),
(631, 18, '2020-07-25 14:51:19', 0, 0),
(632, 18, '2020-07-25 14:51:19', 0, 0),
(633, 18, '2020-07-25 14:51:19', 0, 0),
(634, 18, '2020-07-25 14:51:19', 0, 0),
(635, 18, '2020-07-25 14:51:19', 0, 0),
(636, 18, '2020-07-25 14:51:19', 0, 0),
(637, 18, '2020-07-25 14:51:19', 0, 0),
(638, 18, '2020-07-25 14:51:19', 0, 0),
(639, 18, '2020-07-25 14:51:19', 0, 0),
(640, 18, '2020-07-25 14:51:19', 0, 0),
(641, 18, '2020-07-25 14:51:19', 0, 0),
(642, 18, '2020-07-25 14:51:19', 0, 0),
(643, 18, '2020-07-25 14:51:19', 0, 0),
(644, 18, '2020-07-25 14:51:19', 0, 0),
(645, 18, '2020-07-25 14:51:19', 0, 0),
(646, 18, '2020-07-25 14:51:19', 0, 0),
(647, 18, '2020-07-25 14:51:19', 0, 0),
(648, 18, '2020-07-25 14:51:19', 0, 0),
(649, 18, '2020-07-25 14:51:19', 0, 0),
(650, 18, '2020-07-25 14:51:19', 0, 0),
(651, 18, '2020-07-25 14:51:19', 0, 0),
(652, 18, '2020-07-25 14:51:19', 0, 0),
(653, 18, '2020-07-25 14:51:19', 0, 0),
(654, 18, '2020-07-25 14:51:19', 0, 0),
(655, 18, '2020-07-25 14:51:19', 0, 0),
(656, 18, '2020-07-25 14:51:19', 0, 0),
(657, 18, '2020-07-25 14:51:19', 0, 0),
(658, 18, '2020-07-25 14:51:19', 0, 0),
(659, 18, '2020-07-25 14:51:19', 0, 0),
(660, 18, '2020-07-25 14:51:19', 0, 0),
(661, 18, '2020-07-25 14:51:19', 0, 0),
(662, 18, '2020-07-25 14:51:19', 0, 0),
(663, 18, '2020-07-25 14:51:19', 0, 0),
(664, 18, '2020-07-25 14:51:19', 0, 0),
(665, 18, '2020-07-25 14:51:19', 0, 0),
(666, 18, '2020-07-25 14:51:19', 0, 0),
(667, 18, '2020-07-25 14:51:19', 0, 0),
(668, 18, '2020-07-25 14:51:19', 0, 0),
(669, 18, '2020-07-25 14:51:19', 0, 0),
(670, 18, '2020-07-25 14:51:19', 0, 0),
(671, 18, '2020-07-25 14:51:19', 0, 0),
(672, 18, '2020-07-25 14:51:19', 0, 0),
(673, 18, '2020-07-25 14:51:19', 0, 0),
(674, 18, '2020-07-25 14:51:19', 0, 0),
(675, 18, '2020-07-25 14:51:19', 0, 0),
(676, 18, '2020-07-25 14:51:19', 0, 0),
(677, 18, '2020-07-25 14:51:19', 0, 0),
(678, 18, '2020-07-25 14:51:19', 0, 0),
(679, 18, '2020-07-25 14:51:19', 0, 0),
(680, 18, '2020-07-25 14:51:19', 0, 0),
(681, 18, '2020-07-25 14:51:19', 0, 0),
(682, 18, '2020-07-25 14:51:19', 0, 0),
(683, 18, '2020-07-25 14:51:19', 0, 0),
(684, 18, '2020-07-25 14:51:19', 0, 0),
(685, 18, '2020-07-25 14:51:19', 0, 0),
(686, 18, '2020-07-25 14:51:19', 0, 0),
(687, 18, '2020-07-25 14:51:19', 0, 0),
(688, 18, '2020-07-25 14:51:19', 0, 0),
(689, 18, '2020-07-25 14:51:19', 0, 0),
(690, 18, '2020-07-25 14:51:19', 0, 0),
(691, 18, '2020-07-25 14:51:19', 0, 0),
(692, 18, '2020-07-25 14:51:19', 0, 0),
(693, 18, '2020-07-25 14:51:19', 0, 0),
(694, 18, '2020-07-25 14:51:19', 0, 0),
(695, 18, '2020-07-25 14:51:19', 0, 0),
(696, 18, '2020-07-25 14:51:19', 0, 0),
(697, 18, '2020-07-25 14:51:19', 0, 0),
(698, 18, '2020-07-25 14:51:19', 0, 0),
(699, 18, '2020-07-25 14:51:19', 0, 0),
(700, 18, '2020-07-25 14:51:19', 0, 0),
(701, 18, '2020-07-25 14:51:19', 0, 0),
(702, 18, '2020-07-25 14:51:19', 0, 0),
(703, 18, '2020-07-25 14:51:19', 0, 0),
(704, 18, '2020-07-25 14:51:19', 0, 0),
(705, 18, '2020-07-25 14:51:19', 0, 0),
(706, 18, '2020-07-25 14:51:19', 0, 0),
(707, 18, '2020-07-25 14:51:19', 0, 0),
(708, 18, '2020-07-25 14:51:19', 0, 0),
(709, 18, '2020-07-25 14:51:19', 0, 0),
(710, 18, '2020-07-25 14:51:19', 0, 0),
(711, 18, '2020-07-25 14:51:19', 0, 0),
(712, 18, '2020-07-25 14:51:19', 0, 0),
(713, 18, '2020-07-25 14:51:19', 0, 0),
(714, 18, '2020-07-25 14:51:19', 0, 0),
(715, 18, '2020-07-25 14:51:19', 0, 0),
(716, 18, '2020-07-25 14:51:19', 0, 0),
(717, 18, '2020-07-25 14:51:19', 0, 0),
(718, 18, '2020-07-25 14:51:19', 0, 0),
(719, 18, '2020-07-25 14:51:19', 0, 0),
(720, 18, '2020-07-25 14:51:19', 0, 0),
(721, 18, '2020-07-25 14:51:19', 0, 0),
(722, 18, '2020-07-25 14:51:19', 0, 0),
(723, 18, '2020-07-25 14:51:19', 0, 0),
(724, 18, '2020-07-25 14:51:19', 0, 0),
(725, 18, '2020-07-25 14:51:19', 0, 0),
(726, 18, '2020-07-25 14:51:19', 0, 0),
(727, 18, '2020-07-25 14:51:19', 0, 0),
(728, 18, '2020-07-25 14:51:19', 0, 0),
(729, 18, '2020-07-25 14:51:19', 0, 0),
(730, 18, '2020-07-25 14:51:19', 0, 0),
(731, 18, '2020-07-25 14:51:19', 0, 0),
(732, 18, '2020-07-25 14:51:19', 0, 0),
(733, 18, '2020-07-25 14:51:19', 0, 0),
(734, 18, '2020-07-25 14:51:19', 0, 0),
(735, 18, '2020-07-25 14:51:19', 0, 0),
(736, 18, '2020-07-25 14:51:19', 0, 0),
(737, 18, '2020-07-25 14:51:19', 0, 0),
(738, 18, '2020-07-25 14:51:19', 0, 0),
(739, 18, '2020-07-25 14:51:19', 0, 0),
(740, 18, '2020-07-25 14:51:19', 0, 0),
(741, 18, '2020-07-25 14:51:19', 0, 0),
(742, 18, '2020-07-25 14:51:19', 0, 0),
(743, 18, '2020-07-25 14:51:19', 0, 0),
(744, 18, '2020-07-25 14:51:19', 0, 0),
(745, 18, '2020-07-25 14:51:19', 0, 0),
(746, 18, '2020-07-25 14:51:19', 0, 0),
(747, 18, '2020-07-25 14:51:19', 0, 0),
(748, 18, '2020-07-25 14:51:19', 0, 0),
(749, 18, '2020-07-25 14:51:19', 0, 0),
(750, 18, '2020-07-25 14:51:19', 0, 0),
(751, 18, '2020-07-25 14:51:19', 0, 0),
(752, 18, '2020-07-25 14:51:19', 0, 0),
(753, 18, '2020-07-25 14:51:19', 0, 0),
(754, 18, '2020-07-25 14:51:19', 0, 0),
(755, 18, '2020-07-25 14:51:19', 0, 0),
(756, 18, '2020-07-25 14:51:19', 0, 0),
(757, 18, '2020-07-25 14:51:19', 0, 0),
(758, 18, '2020-07-25 14:51:19', 0, 0),
(759, 18, '2020-07-25 14:51:19', 0, 0),
(760, 18, '2020-07-25 14:51:19', 0, 0),
(761, 18, '2020-07-25 14:51:19', 0, 0),
(762, 18, '2020-07-25 14:51:19', 0, 0),
(763, 18, '2020-07-25 14:51:19', 0, 0),
(764, 18, '2020-07-25 14:51:19', 0, 0),
(765, 18, '2020-07-25 14:51:19', 0, 0),
(766, 18, '2020-07-25 14:51:19', 0, 0),
(767, 18, '2020-07-25 14:51:19', 0, 0),
(768, 18, '2020-07-25 14:51:19', 0, 0),
(769, 18, '2020-07-25 14:51:19', 0, 0),
(770, 18, '2020-07-25 14:51:19', 0, 0),
(771, 18, '2020-07-25 14:51:19', 0, 0),
(772, 18, '2020-07-25 14:51:19', 0, 0),
(773, 18, '2020-07-25 14:51:19', 0, 0),
(774, 18, '2020-07-25 14:51:19', 0, 0),
(775, 18, '2020-07-25 14:51:19', 0, 0),
(776, 18, '2020-07-25 14:51:19', 0, 0),
(777, 18, '2020-07-25 14:51:19', 0, 0),
(778, 18, '2020-07-25 14:51:19', 0, 0),
(779, 18, '2020-07-25 14:51:19', 0, 0),
(780, 18, '2020-07-25 14:51:19', 0, 0),
(781, 18, '2020-07-25 14:51:19', 0, 0),
(782, 18, '2020-07-25 14:51:19', 0, 0),
(783, 18, '2020-07-25 14:51:19', 0, 0),
(784, 18, '2020-07-25 14:51:19', 0, 0),
(785, 18, '2020-07-25 14:51:19', 0, 0),
(786, 18, '2020-07-25 14:51:19', 0, 0),
(787, 18, '2020-07-25 14:51:19', 0, 0),
(788, 18, '2020-07-25 14:51:19', 0, 0),
(789, 18, '2020-07-25 14:51:19', 0, 0),
(790, 18, '2020-07-25 14:51:19', 0, 0),
(791, 18, '2020-07-25 14:51:19', 0, 0),
(792, 18, '2020-07-25 14:51:19', 0, 0),
(793, 18, '2020-07-25 14:51:19', 0, 0),
(794, 18, '2020-07-25 14:51:19', 0, 0),
(795, 18, '2020-07-25 14:51:19', 0, 0),
(796, 18, '2020-07-25 14:51:19', 0, 0),
(797, 18, '2020-07-25 14:51:19', 0, 0),
(798, 18, '2020-07-25 14:51:19', 0, 0),
(799, 18, '2020-07-25 14:51:19', 0, 0),
(800, 18, '2020-07-25 14:51:19', 0, 0),
(801, 18, '2020-07-25 14:51:19', 0, 0),
(802, 18, '2020-07-25 14:51:19', 0, 0),
(803, 18, '2020-07-25 14:51:19', 0, 0),
(804, 18, '2020-07-25 14:51:19', 0, 0),
(805, 18, '2020-07-25 14:51:19', 0, 0),
(806, 18, '2020-07-25 14:51:19', 0, 0),
(807, 18, '2020-07-25 14:51:19', 0, 0),
(808, 18, '2020-07-25 14:51:19', 0, 0),
(809, 18, '2020-07-25 14:51:19', 0, 0),
(810, 18, '2020-07-25 14:51:19', 0, 0),
(811, 18, '2020-07-25 14:51:19', 0, 0),
(812, 18, '2020-07-25 14:51:19', 0, 0),
(813, 18, '2020-07-25 14:51:19', 0, 0),
(814, 18, '2020-07-25 14:51:19', 0, 0),
(815, 18, '2020-07-25 14:51:19', 0, 0),
(816, 18, '2020-07-25 14:51:19', 0, 0),
(817, 18, '2020-07-25 14:51:19', 0, 0),
(818, 18, '2020-07-25 14:51:19', 0, 0),
(819, 18, '2020-07-25 14:51:19', 0, 0),
(820, 18, '2020-07-25 14:51:19', 0, 0),
(821, 18, '2020-07-25 14:51:19', 0, 0),
(822, 18, '2020-07-25 14:51:19', 0, 0),
(823, 18, '2020-07-25 14:51:19', 0, 0),
(824, 18, '2020-07-25 14:51:19', 0, 0),
(825, 18, '2020-07-25 14:51:19', 0, 0),
(826, 18, '2020-07-25 14:51:19', 0, 0),
(827, 18, '2020-07-25 14:51:19', 0, 0),
(828, 18, '2020-07-25 14:51:19', 0, 0),
(829, 18, '2020-07-25 14:51:19', 0, 0),
(830, 18, '2020-07-25 14:51:19', 0, 0),
(831, 18, '2020-07-25 14:51:19', 0, 0),
(832, 18, '2020-07-25 14:51:19', 0, 0),
(833, 18, '2020-07-25 14:51:19', 0, 0),
(834, 18, '2020-07-25 14:51:19', 0, 0),
(835, 18, '2020-07-25 14:51:19', 0, 0),
(836, 18, '2020-07-25 14:51:19', 0, 0),
(837, 18, '2020-07-25 14:51:19', 0, 0),
(838, 18, '2020-07-25 14:51:19', 0, 0),
(839, 18, '2020-07-25 14:51:19', 0, 0),
(840, 18, '2020-07-25 14:51:19', 0, 0),
(841, 18, '2020-07-25 14:51:19', 0, 0),
(842, 18, '2020-07-25 14:51:19', 0, 0),
(843, 18, '2020-07-25 14:51:19', 0, 0),
(844, 18, '2020-07-25 14:51:19', 0, 0),
(845, 18, '2020-07-25 14:51:19', 0, 0),
(846, 18, '2020-07-25 14:51:19', 0, 0),
(847, 18, '2020-07-25 14:51:19', 0, 0),
(848, 18, '2020-07-25 14:51:19', 0, 0),
(849, 18, '2020-07-25 14:51:19', 0, 0),
(850, 18, '2020-07-25 14:51:19', 0, 0),
(851, 18, '2020-07-25 14:51:19', 0, 0),
(852, 18, '2020-07-25 14:51:19', 0, 0),
(853, 18, '2020-07-25 14:51:19', 0, 0),
(854, 18, '2020-07-25 14:51:19', 0, 0),
(855, 18, '2020-07-25 14:51:19', 0, 0),
(856, 18, '2020-07-25 14:51:19', 0, 0),
(857, 18, '2020-07-25 14:51:19', 0, 0),
(858, 18, '2020-07-25 14:51:19', 0, 0),
(859, 18, '2020-07-25 14:51:19', 0, 0),
(860, 18, '2020-07-25 14:51:19', 0, 0),
(861, 18, '2020-07-25 14:51:19', 0, 0),
(862, 18, '2020-07-25 14:51:19', 0, 0),
(863, 18, '2020-07-25 14:51:19', 0, 0),
(864, 18, '2020-07-25 14:51:19', 0, 0),
(865, 18, '2020-07-25 14:51:19', 0, 0),
(866, 18, '2020-07-25 14:51:19', 0, 0),
(867, 18, '2020-07-25 14:51:19', 0, 0),
(868, 18, '2020-07-25 14:51:19', 0, 0),
(869, 18, '2020-07-25 14:51:19', 0, 0),
(870, 18, '2020-07-25 14:51:19', 0, 0),
(871, 18, '2020-07-25 14:51:19', 0, 0),
(872, 18, '2020-07-25 14:51:19', 0, 0),
(873, 18, '2020-07-25 14:51:19', 0, 0),
(874, 18, '2020-07-25 14:51:19', 0, 0),
(875, 18, '2020-07-25 14:51:19', 0, 0),
(876, 18, '2020-07-25 14:51:19', 0, 0),
(877, 18, '2020-07-25 14:51:19', 0, 0),
(878, 18, '2020-07-25 14:51:19', 0, 0),
(879, 18, '2020-07-25 14:51:19', 0, 0),
(880, 18, '2020-07-25 14:51:19', 0, 0),
(881, 18, '2020-07-25 14:51:19', 0, 0),
(882, 18, '2020-07-25 14:51:19', 0, 0),
(883, 18, '2020-07-25 14:51:19', 0, 0),
(884, 18, '2020-07-25 14:51:19', 0, 0),
(885, 18, '2020-07-25 14:51:19', 0, 0),
(886, 18, '2020-07-25 14:51:19', 0, 0),
(887, 18, '2020-07-25 14:51:19', 0, 0),
(888, 18, '2020-07-25 14:51:19', 0, 0),
(889, 18, '2020-07-25 14:51:19', 0, 0),
(890, 18, '2020-07-25 14:51:19', 0, 0),
(891, 18, '2020-07-25 14:51:19', 0, 0),
(892, 18, '2020-07-25 14:51:19', 0, 0),
(893, 18, '2020-07-25 14:51:19', 0, 0),
(894, 18, '2020-07-25 14:51:19', 0, 0),
(895, 18, '2020-07-25 14:51:19', 0, 0),
(896, 18, '2020-07-25 14:51:19', 0, 0),
(897, 18, '2020-07-25 14:51:19', 0, 0),
(898, 18, '2020-07-25 14:51:19', 0, 0),
(899, 18, '2020-07-25 14:51:19', 0, 0),
(900, 18, '2020-07-25 14:51:19', 0, 0),
(901, 18, '2020-07-25 14:51:19', 0, 0),
(902, 18, '2020-07-25 14:51:19', 0, 0),
(903, 18, '2020-07-25 14:51:19', 0, 0),
(904, 18, '2020-07-25 14:51:19', 0, 0),
(905, 18, '2020-07-25 14:51:19', 0, 0),
(906, 18, '2020-07-25 14:51:19', 0, 0),
(907, 18, '2020-07-25 14:51:19', 0, 0),
(908, 18, '2020-07-25 14:51:19', 0, 0),
(909, 18, '2020-07-25 14:51:19', 0, 0),
(910, 18, '2020-07-25 14:51:19', 0, 0),
(911, 18, '2020-07-25 14:51:19', 0, 0),
(912, 18, '2020-07-25 14:51:19', 0, 0),
(913, 18, '2020-07-25 14:51:19', 0, 0),
(914, 18, '2020-07-25 14:51:19', 0, 0),
(915, 18, '2020-07-25 14:51:19', 0, 0),
(916, 18, '2020-07-25 14:51:19', 0, 0),
(917, 18, '2020-07-25 14:51:19', 0, 0),
(918, 18, '2020-07-25 14:51:19', 0, 0),
(919, 18, '2020-07-25 14:51:19', 0, 0),
(920, 18, '2020-07-25 14:51:19', 0, 0),
(921, 18, '2020-07-25 14:51:19', 0, 0),
(922, 18, '2020-07-25 14:51:19', 0, 0),
(923, 18, '2020-07-25 14:51:19', 0, 0),
(924, 18, '2020-07-25 14:51:19', 0, 0),
(925, 18, '2020-07-25 14:51:19', 0, 0),
(926, 18, '2020-07-25 14:51:19', 0, 0),
(927, 18, '2020-07-25 14:51:19', 0, 0),
(928, 18, '2020-07-25 14:51:19', 0, 0),
(929, 18, '2020-07-25 14:51:19', 0, 0),
(930, 18, '2020-07-25 14:51:19', 0, 0),
(931, 18, '2020-07-25 14:51:19', 0, 0),
(932, 18, '2020-07-25 14:51:19', 0, 0),
(933, 18, '2020-07-25 14:51:19', 0, 0),
(934, 18, '2020-07-25 14:51:19', 0, 0),
(935, 18, '2020-07-25 14:51:19', 0, 0),
(936, 18, '2020-07-25 14:51:19', 0, 0),
(937, 18, '2020-07-25 14:51:19', 0, 0),
(938, 18, '2020-07-25 14:51:19', 0, 0),
(939, 18, '2020-07-25 14:51:19', 0, 0),
(940, 18, '2020-07-25 14:51:19', 0, 0),
(941, 18, '2020-07-25 14:51:19', 0, 0),
(942, 18, '2020-07-25 14:51:19', 0, 0),
(943, 18, '2020-07-25 14:51:19', 0, 0),
(944, 18, '2020-07-25 14:51:19', 0, 0),
(945, 18, '2020-07-25 14:51:19', 0, 0),
(946, 18, '2020-07-25 14:51:19', 0, 0),
(947, 18, '2020-07-25 14:51:19', 0, 0),
(948, 18, '2020-07-25 14:51:19', 0, 0),
(949, 18, '2020-07-25 14:51:19', 0, 0),
(950, 18, '2020-07-25 14:51:19', 0, 0),
(951, 18, '2020-07-25 14:51:19', 0, 0),
(952, 18, '2020-07-25 14:51:19', 0, 0),
(953, 18, '2020-07-25 14:51:19', 0, 0),
(954, 18, '2020-07-25 14:51:19', 0, 0),
(955, 18, '2020-07-25 14:51:19', 0, 0),
(956, 18, '2020-07-25 14:51:19', 0, 0),
(957, 18, '2020-07-25 14:51:19', 0, 0),
(958, 18, '2020-07-25 14:51:19', 0, 0),
(959, 18, '2020-07-25 14:51:19', 0, 0),
(960, 18, '2020-07-25 14:51:19', 0, 0),
(961, 18, '2020-07-25 14:51:19', 0, 0),
(962, 18, '2020-07-25 14:51:19', 0, 0),
(963, 18, '2020-07-25 14:51:19', 0, 0),
(964, 18, '2020-07-25 14:51:19', 0, 0),
(965, 18, '2020-07-25 14:51:19', 0, 0),
(966, 18, '2020-07-25 14:51:19', 0, 0),
(967, 18, '2020-07-25 14:51:19', 0, 0),
(968, 18, '2020-07-25 14:51:19', 0, 0),
(969, 18, '2020-07-25 14:51:19', 0, 0),
(970, 18, '2020-07-25 14:51:19', 0, 0),
(971, 18, '2020-07-25 14:51:19', 0, 0),
(972, 18, '2020-07-25 14:51:19', 0, 0),
(973, 18, '2020-07-25 14:51:19', 0, 0),
(974, 18, '2020-07-25 14:51:19', 0, 0),
(975, 18, '2020-07-25 14:51:19', 0, 0),
(976, 18, '2020-07-25 14:51:19', 0, 0),
(977, 18, '2020-07-25 14:51:19', 0, 0),
(978, 18, '2020-07-25 14:51:19', 0, 0),
(979, 18, '2020-07-25 14:51:19', 0, 0),
(980, 18, '2020-07-25 14:51:19', 0, 0),
(981, 18, '2020-07-25 14:51:19', 0, 0),
(982, 18, '2020-07-25 14:51:19', 0, 0),
(983, 18, '2020-07-25 14:51:19', 0, 0),
(984, 18, '2020-07-25 14:51:19', 0, 0),
(985, 18, '2020-07-25 14:51:19', 0, 0),
(986, 18, '2020-07-25 14:51:19', 0, 0),
(987, 18, '2020-07-25 14:51:19', 0, 0),
(988, 18, '2020-07-25 14:51:19', 0, 0),
(989, 18, '2020-07-25 14:51:19', 0, 0),
(990, 18, '2020-07-25 14:51:19', 0, 0),
(991, 18, '2020-07-25 14:51:19', 0, 0),
(992, 18, '2020-07-25 14:51:19', 0, 0),
(993, 18, '2020-07-25 14:51:19', 0, 0),
(994, 18, '2020-07-25 14:51:19', 0, 0),
(995, 18, '2020-07-25 14:51:19', 0, 0),
(996, 18, '2020-07-25 14:51:19', 0, 0),
(997, 18, '2020-07-25 14:51:19', 0, 0),
(998, 18, '2020-07-25 14:51:19', 0, 0),
(999, 18, '2020-07-25 14:51:19', 0, 0),
(1000, 18, '2020-07-25 14:51:19', 0, 0),
(1001, 18, '2020-07-25 14:51:19', 0, 0),
(1002, 18, '2020-07-25 14:51:19', 0, 0),
(1003, 18, '2020-07-25 14:51:19', 0, 0),
(1004, 18, '2020-07-25 14:51:19', 0, 0),
(1005, 18, '2020-07-25 14:51:19', 0, 0),
(1006, 18, '2020-07-25 14:51:19', 0, 0),
(1007, 18, '2020-07-25 14:51:19', 0, 0),
(1008, 18, '2020-07-25 14:51:19', 0, 0),
(1009, 18, '2020-07-25 14:51:19', 0, 0),
(1010, 18, '2020-07-25 14:51:19', 0, 0),
(1011, 18, '2020-07-25 14:51:19', 0, 0),
(1012, 18, '2020-07-25 14:51:19', 0, 0),
(1013, 18, '2020-07-25 14:51:19', 0, 0),
(1014, 18, '2020-07-25 14:51:19', 0, 0),
(1015, 18, '2020-07-25 14:51:19', 0, 0),
(1016, 18, '2020-07-25 14:51:19', 0, 0),
(1017, 18, '2020-07-25 14:51:19', 0, 0),
(1018, 18, '2020-07-25 14:51:19', 0, 0),
(1019, 18, '2020-07-25 14:51:19', 0, 0),
(1020, 18, '2020-07-25 14:51:19', 0, 0),
(1021, 18, '2020-07-25 14:51:19', 0, 0),
(1022, 18, '2020-07-25 14:51:19', 0, 0),
(1023, 18, '2020-07-25 14:51:19', 0, 0),
(1024, 18, '2020-07-25 14:51:19', 0, 0),
(1025, 18, '2020-07-25 14:51:19', 0, 0),
(1026, 18, '2020-07-25 14:51:19', 0, 0),
(1027, 18, '2020-07-25 14:51:19', 0, 0),
(1028, 18, '2020-07-25 14:51:19', 0, 0),
(1029, 18, '2020-07-25 14:51:19', 0, 0),
(1030, 18, '2020-07-25 14:51:19', 0, 0),
(1031, 18, '2020-07-25 14:51:19', 0, 0),
(1032, 18, '2020-07-25 14:51:19', 0, 0),
(1033, 18, '2020-07-25 14:51:19', 0, 0),
(1034, 18, '2020-07-25 14:51:19', 0, 0),
(1035, 18, '2020-07-25 14:51:19', 0, 0),
(1036, 18, '2020-07-25 14:51:19', 0, 0),
(1037, 18, '2020-07-25 14:51:19', 0, 0),
(1038, 18, '2020-07-25 14:51:19', 0, 0),
(1039, 18, '2020-07-25 14:51:19', 0, 0),
(1040, 18, '2020-07-25 14:51:19', 0, 0),
(1041, 18, '2020-07-25 14:51:19', 0, 0),
(1042, 18, '2020-07-25 14:51:19', 0, 0),
(1043, 18, '2020-07-25 14:51:19', 0, 0),
(1044, 18, '2020-07-25 14:51:19', 0, 0),
(1045, 18, '2020-07-25 14:51:19', 0, 0),
(1046, 18, '2020-07-25 14:51:19', 0, 0),
(1047, 18, '2020-07-25 14:51:19', 0, 0),
(1048, 18, '2020-07-25 14:51:19', 0, 0),
(1049, 18, '2020-07-25 14:51:19', 0, 0),
(1050, 18, '2020-07-25 14:51:19', 0, 0),
(1051, 18, '2020-07-25 14:51:19', 0, 0),
(1052, 18, '2020-07-25 14:51:19', 0, 0),
(1053, 18, '2020-07-25 14:51:19', 0, 0),
(1054, 18, '2020-07-25 14:51:19', 0, 0),
(1055, 18, '2020-07-25 14:51:19', 0, 0),
(1056, 18, '2020-07-25 14:51:19', 0, 0),
(1057, 18, '2020-07-25 14:51:19', 0, 0),
(1058, 18, '2020-07-25 14:51:19', 0, 0),
(1059, 18, '2020-07-25 14:51:19', 0, 0),
(1060, 18, '2020-07-25 14:51:19', 0, 0),
(1061, 18, '2020-07-25 14:51:19', 0, 0),
(1062, 18, '2020-07-25 14:51:19', 0, 0),
(1063, 18, '2020-07-25 14:51:19', 0, 0),
(1064, 18, '2020-07-25 14:51:19', 0, 0),
(1065, 18, '2020-07-25 14:51:19', 0, 0),
(1066, 18, '2020-07-25 14:51:19', 0, 0),
(1067, 18, '2020-07-25 14:51:19', 0, 0),
(1068, 18, '2020-07-25 14:51:19', 0, 0),
(1069, 18, '2020-07-25 14:51:19', 0, 0),
(1070, 18, '2020-07-25 14:51:19', 0, 0),
(1071, 18, '2020-07-25 14:51:19', 0, 0),
(1072, 18, '2020-07-25 14:51:19', 0, 0),
(1073, 18, '2020-07-25 14:51:19', 0, 0),
(1074, 18, '2020-07-25 14:51:19', 0, 0),
(1075, 18, '2020-07-25 14:51:19', 0, 0),
(1076, 18, '2020-07-25 14:51:19', 0, 0),
(1077, 18, '2020-07-25 14:51:19', 0, 0),
(1078, 18, '2020-07-25 14:51:19', 0, 0),
(1079, 18, '2020-07-25 14:51:19', 0, 0),
(1080, 18, '2020-07-25 14:51:19', 0, 0),
(1081, 18, '2020-07-25 14:51:19', 0, 0),
(1082, 18, '2020-07-25 14:51:19', 0, 0),
(1083, 18, '2020-07-25 14:51:19', 0, 0),
(1084, 18, '2020-07-25 14:51:19', 0, 0),
(1085, 18, '2020-07-25 14:51:19', 0, 0),
(1086, 18, '2020-07-25 14:51:19', 0, 0),
(1087, 18, '2020-07-25 14:51:19', 0, 0),
(1088, 18, '2020-07-25 14:51:19', 0, 0),
(1089, 18, '2020-07-25 14:51:19', 0, 0),
(1090, 18, '2020-07-25 14:51:19', 0, 0),
(1091, 18, '2020-07-25 14:51:19', 0, 0),
(1092, 18, '2020-07-25 14:51:19', 0, 0),
(1093, 18, '2020-07-25 14:51:19', 0, 0),
(1094, 18, '2020-07-25 14:51:19', 0, 0),
(1095, 18, '2020-07-25 14:51:19', 0, 0),
(1096, 18, '2020-07-25 14:51:19', 0, 0),
(1097, 18, '2020-07-25 14:51:19', 0, 0),
(1098, 18, '2020-07-25 14:51:19', 0, 0),
(1099, 18, '2020-07-25 14:51:19', 0, 0),
(1100, 18, '2020-07-25 14:51:19', 0, 0),
(1101, 18, '2020-07-25 14:51:19', 0, 0),
(1102, 18, '2020-07-25 14:51:19', 0, 0),
(1103, 18, '2020-07-25 14:51:19', 0, 0),
(1104, 18, '2020-07-25 14:51:19', 0, 0),
(1105, 18, '2020-07-25 14:51:19', 0, 0),
(1106, 18, '2020-07-25 14:51:19', 0, 0),
(1107, 18, '2020-07-25 14:51:19', 0, 0),
(1108, 18, '2020-07-25 14:51:19', 0, 0),
(1109, 18, '2020-07-25 14:51:19', 0, 0),
(1110, 18, '2020-07-25 14:51:19', 0, 0),
(1111, 18, '2020-07-25 14:51:19', 0, 0),
(1112, 18, '2020-07-25 14:51:19', 0, 0),
(1113, 18, '2020-07-25 14:51:19', 0, 0),
(1114, 18, '2020-07-25 14:51:19', 0, 0),
(1115, 18, '2020-07-25 14:51:19', 0, 0),
(1116, 18, '2020-07-25 14:51:19', 0, 0),
(1117, 18, '2020-07-25 14:51:19', 0, 0),
(1118, 18, '2020-07-25 14:51:19', 0, 0),
(1119, 18, '2020-07-25 14:51:19', 0, 0),
(1120, 18, '2020-07-25 14:51:19', 0, 0),
(1121, 18, '2020-07-25 14:51:19', 0, 0),
(1122, 18, '2020-07-25 14:51:19', 0, 0),
(1123, 18, '2020-07-25 14:51:19', 0, 0),
(1124, 18, '2020-07-25 14:51:19', 0, 0),
(1125, 18, '2020-07-25 14:51:19', 0, 0),
(1126, 18, '2020-07-25 14:51:19', 0, 0),
(1127, 18, '2020-07-25 14:51:19', 0, 0),
(1128, 18, '2020-07-25 14:51:19', 0, 0),
(1129, 18, '2020-07-25 14:51:19', 0, 0),
(1130, 18, '2020-07-25 14:51:19', 0, 0),
(1131, 18, '2020-07-25 14:51:19', 0, 0),
(1132, 18, '2020-07-25 14:51:19', 0, 0),
(1133, 18, '2020-07-25 14:51:19', 0, 0),
(1134, 18, '2020-07-25 14:51:19', 0, 0),
(1135, 18, '2020-07-25 14:51:19', 0, 0),
(1136, 18, '2020-07-25 14:51:19', 0, 0),
(1137, 18, '2020-07-25 14:51:19', 0, 0),
(1138, 18, '2020-07-25 14:51:19', 0, 0),
(1139, 18, '2020-07-25 14:51:19', 0, 0),
(1140, 18, '2020-07-25 14:51:19', 0, 0),
(1141, 18, '2020-07-25 14:51:19', 0, 0),
(1142, 18, '2020-07-25 14:51:19', 0, 0),
(1143, 18, '2020-07-25 14:51:19', 0, 0),
(1144, 18, '2020-07-25 14:51:19', 0, 0),
(1145, 18, '2020-07-25 14:51:19', 0, 0),
(1146, 18, '2020-07-25 14:51:19', 0, 0),
(1147, 18, '2020-07-25 14:51:19', 0, 0),
(1148, 18, '2020-07-25 14:51:19', 0, 0),
(1149, 18, '2020-07-25 14:51:19', 0, 0),
(1150, 18, '2020-07-25 14:51:19', 0, 0),
(1151, 18, '2020-07-25 14:51:19', 0, 0),
(1152, 18, '2020-07-25 14:51:19', 0, 0),
(1153, 18, '2020-07-25 14:51:19', 0, 0),
(1154, 18, '2020-07-25 14:51:19', 0, 0),
(1155, 18, '2020-07-25 14:51:19', 0, 0),
(1156, 18, '2020-07-25 14:51:19', 0, 0),
(1157, 18, '2020-07-25 14:51:19', 0, 0),
(1158, 18, '2020-07-25 14:51:19', 0, 0),
(1159, 18, '2020-07-25 14:51:19', 0, 0),
(1160, 18, '2020-07-25 14:51:19', 0, 0),
(1161, 18, '2020-07-25 14:51:19', 0, 0),
(1162, 18, '2020-07-25 14:51:19', 0, 0),
(1163, 18, '2020-07-25 14:51:19', 0, 0),
(1164, 18, '2020-07-25 14:51:19', 0, 0),
(1165, 18, '2020-07-25 14:51:19', 0, 0),
(1166, 18, '2020-07-25 14:51:19', 0, 0),
(1167, 18, '2020-07-25 14:51:19', 0, 0),
(1168, 18, '2020-07-25 14:51:19', 0, 0),
(1169, 18, '2020-07-25 14:51:19', 0, 0),
(1170, 18, '2020-07-25 14:51:19', 0, 0),
(1171, 18, '2020-07-25 14:51:19', 0, 0),
(1172, 18, '2020-07-25 14:51:19', 0, 0),
(1173, 18, '2020-07-25 14:51:19', 0, 0),
(1174, 18, '2020-07-25 14:51:19', 0, 0),
(1175, 18, '2020-07-25 14:51:19', 0, 0),
(1176, 18, '2020-07-25 14:51:19', 0, 0),
(1177, 18, '2020-07-25 14:51:19', 0, 0),
(1178, 18, '2020-07-25 14:51:19', 0, 0),
(1179, 18, '2020-07-25 14:51:19', 0, 0),
(1180, 18, '2020-07-25 14:51:19', 0, 0),
(1181, 18, '2020-07-25 14:51:19', 0, 0),
(1182, 18, '2020-07-25 14:51:19', 0, 0),
(1183, 18, '2020-07-25 14:51:19', 0, 0),
(1184, 18, '2020-07-25 14:51:19', 0, 0),
(1185, 18, '2020-07-25 14:51:19', 0, 0),
(1186, 18, '2020-07-25 14:51:19', 0, 0),
(1187, 18, '2020-07-25 14:51:19', 0, 0),
(1188, 18, '2020-07-25 14:51:19', 0, 0),
(1189, 18, '2020-07-25 14:51:19', 0, 0),
(1190, 18, '2020-07-25 14:51:19', 0, 0),
(1191, 18, '2020-07-25 14:51:19', 0, 0),
(1192, 18, '2020-07-25 14:51:19', 0, 0),
(1193, 18, '2020-07-25 14:51:19', 0, 0),
(1194, 18, '2020-07-25 14:51:19', 0, 0),
(1195, 18, '2020-07-25 14:51:19', 0, 0),
(1196, 18, '2020-07-25 14:51:19', 0, 0),
(1197, 18, '2020-07-25 14:51:19', 0, 0),
(1198, 18, '2020-07-25 14:51:19', 0, 0),
(1199, 18, '2020-07-25 14:51:19', 0, 0),
(1200, 18, '2020-07-25 14:51:19', 0, 0),
(1201, 18, '2020-07-25 14:51:19', 0, 0),
(1202, 18, '2020-07-25 14:51:19', 0, 0),
(1203, 18, '2020-07-25 14:51:19', 0, 0),
(1204, 18, '2020-07-25 14:51:19', 0, 0),
(1205, 18, '2020-07-25 14:51:19', 0, 0),
(1206, 18, '2020-07-25 14:51:19', 0, 0),
(1207, 18, '2020-07-25 14:51:19', 0, 0),
(1208, 18, '2020-07-25 14:51:19', 0, 0),
(1209, 18, '2020-07-25 14:51:20', 0, 0),
(1210, 18, '2020-07-25 14:51:20', 0, 0),
(1211, 18, '2020-07-25 14:51:20', 0, 0),
(1212, 18, '2020-07-25 14:51:20', 0, 0),
(1213, 18, '2020-07-25 14:51:20', 0, 0),
(1214, 18, '2020-07-25 14:51:20', 0, 0),
(1215, 18, '2020-07-25 14:51:20', 0, 0),
(1216, 18, '2020-07-25 14:51:20', 0, 0),
(1217, 18, '2020-07-25 14:51:20', 0, 0),
(1218, 18, '2020-07-25 14:51:20', 0, 0),
(1219, 18, '2020-07-25 14:51:20', 0, 0),
(1220, 18, '2020-07-25 14:51:20', 0, 0),
(1221, 18, '2020-07-25 14:51:20', 0, 0),
(1222, 18, '2020-07-25 14:51:20', 0, 0),
(1223, 18, '2020-07-25 14:51:20', 0, 0),
(1224, 18, '2020-07-25 14:51:20', 0, 0),
(1225, 18, '2020-07-25 14:51:20', 0, 0),
(1226, 18, '2020-07-25 14:51:20', 0, 0),
(1227, 18, '2020-07-25 14:51:20', 0, 0),
(1228, 18, '2020-07-25 14:51:20', 0, 0),
(1229, 18, '2020-07-25 14:51:20', 0, 0),
(1230, 18, '2020-07-25 14:51:20', 0, 0),
(1231, 18, '2020-07-25 14:51:20', 0, 0),
(1232, 18, '2020-07-25 14:51:20', 0, 0),
(1233, 18, '2020-07-25 14:51:20', 0, 0),
(1234, 18, '2020-07-25 14:51:20', 0, 0),
(1235, 18, '2020-07-25 14:51:20', 0, 0),
(1236, 18, '2020-07-25 14:51:20', 0, 0),
(1237, 18, '2020-07-25 14:51:20', 0, 0),
(1238, 18, '2020-07-25 14:51:20', 0, 0),
(1239, 18, '2020-07-25 14:51:20', 0, 0),
(1240, 18, '2020-07-25 14:51:20', 0, 0),
(1241, 18, '2020-07-25 14:51:20', 0, 0),
(1242, 18, '2020-07-25 14:51:20', 0, 0),
(1243, 18, '2020-07-25 14:51:20', 0, 0),
(1244, 18, '2020-07-25 14:51:20', 0, 0),
(1245, 18, '2020-07-25 14:51:20', 0, 0),
(1246, 18, '2020-07-25 14:51:20', 0, 0),
(1247, 18, '2020-07-25 14:51:20', 0, 0),
(1248, 18, '2020-07-25 14:51:20', 0, 0),
(1249, 18, '2020-07-25 14:51:20', 0, 0),
(1250, 18, '2020-07-25 14:51:20', 0, 0),
(1251, 18, '2020-07-25 14:51:20', 0, 0),
(1252, 18, '2020-07-25 14:51:20', 0, 0),
(1253, 18, '2020-07-25 14:51:20', 0, 0),
(1254, 18, '2020-07-25 14:51:20', 0, 0),
(1255, 18, '2020-07-25 14:51:20', 0, 0),
(1256, 18, '2020-07-25 14:51:20', 0, 0),
(1257, 18, '2020-07-25 14:51:20', 0, 0),
(1258, 18, '2020-07-25 14:51:20', 0, 0),
(1259, 18, '2020-07-25 14:51:20', 0, 0),
(1260, 18, '2020-07-25 14:51:20', 0, 0),
(1261, 18, '2020-07-25 14:51:20', 0, 0),
(1262, 18, '2020-07-25 14:51:20', 0, 0),
(1263, 18, '2020-07-25 14:51:20', 0, 0),
(1264, 18, '2020-07-25 14:51:20', 0, 0),
(1265, 18, '2020-07-25 14:51:20', 0, 0),
(1266, 18, '2020-07-25 14:51:19', 0, 0),
(1267, 18, '2020-07-25 14:51:19', 0, 0),
(1268, 18, '2020-07-25 14:51:19', 0, 0),
(1269, 18, '2020-07-25 14:51:19', 0, 0),
(1270, 18, '2020-07-25 14:51:19', 0, 0),
(1271, 18, '2020-07-25 14:51:19', 0, 0),
(1272, 18, '2020-07-25 14:51:19', 0, 0),
(1273, 18, '2020-07-25 14:51:19', 0, 0),
(1274, 18, '2020-07-25 14:51:19', 0, 0),
(1275, 18, '2020-07-25 14:51:19', 0, 0),
(1276, 18, '2020-07-25 14:51:20', 0, 0),
(1277, 18, '2020-07-25 14:51:20', 0, 0),
(1278, 18, '2020-07-25 14:51:20', 0, 0),
(1279, 18, '2020-07-25 14:51:20', 0, 0),
(1280, 18, '2020-07-25 14:51:20', 0, 0),
(1281, 18, '2020-07-25 14:51:20', 0, 0),
(1282, 18, '2020-07-25 14:51:20', 0, 0),
(1283, 18, '2020-07-25 14:51:20', 0, 0),
(1284, 18, '2020-07-25 14:51:20', 0, 0),
(1285, 18, '2020-07-25 14:51:20', 0, 0),
(1286, 18, '2020-07-25 14:51:20', 0, 0),
(1287, 18, '2020-07-25 14:51:20', 0, 0),
(1288, 18, '2020-07-25 14:51:20', 0, 0),
(1289, 18, '2020-07-25 14:51:20', 0, 0),
(1290, 18, '2020-07-25 14:51:20', 0, 0),
(1291, 18, '2020-07-25 14:51:20', 0, 0),
(1292, 18, '2020-07-25 14:51:20', 0, 0),
(1293, 18, '2020-07-25 14:51:20', 0, 0),
(1294, 18, '2020-07-25 14:51:20', 0, 0),
(1295, 18, '2020-07-25 14:51:20', 0, 0),
(1296, 18, '2020-07-25 14:51:20', 0, 0),
(1297, 18, '2020-07-25 14:51:20', 0, 0),
(1298, 18, '2020-07-25 14:51:20', 0, 0),
(1299, 18, '2020-07-25 14:51:20', 0, 0),
(1300, 18, '2020-07-25 14:51:20', 0, 0),
(1301, 18, '2020-07-25 14:51:20', 0, 0),
(1302, 18, '2020-07-25 14:51:20', 0, 0),
(1303, 18, '2020-07-25 14:51:20', 0, 0),
(1304, 18, '2020-07-25 14:51:20', 0, 0),
(1305, 18, '2020-07-25 14:51:20', 0, 0),
(1306, 18, '2020-07-25 14:51:20', 0, 0),
(1307, 18, '2020-07-25 14:51:20', 0, 0),
(1308, 18, '2020-07-25 14:51:20', 0, 0),
(1309, 18, '2020-07-25 14:51:20', 0, 0),
(1310, 18, '2020-07-25 14:51:20', 0, 0),
(1311, 18, '2020-07-25 14:51:20', 0, 0),
(1312, 18, '2020-07-25 14:51:20', 0, 0),
(1313, 18, '2020-07-25 14:51:20', 0, 0),
(1314, 18, '2020-07-25 14:51:20', 0, 0),
(1315, 18, '2020-07-25 14:51:20', 0, 0),
(1316, 18, '2020-07-25 14:51:20', 0, 0),
(1317, 18, '2020-07-25 14:51:20', 0, 0),
(1318, 18, '2020-07-25 14:51:20', 0, 0),
(1319, 18, '2020-07-25 14:51:20', 0, 0),
(1320, 18, '2020-07-25 14:51:20', 0, 0),
(1321, 18, '2020-07-25 14:51:20', 0, 0),
(1322, 18, '2020-07-25 14:51:20', 0, 0),
(1323, 18, '2020-07-25 14:51:20', 0, 0),
(1324, 18, '2020-07-25 14:51:20', 0, 0),
(1325, 18, '2020-07-25 14:51:20', 0, 0);
INSERT INTO `status` (`id`, `sensor_id`, `timestamp`, `is_occupied`, `is_faulty`) VALUES
(1326, 18, '2020-07-25 14:51:20', 0, 0),
(1327, 18, '2020-07-25 14:51:20', 0, 0),
(1328, 18, '2020-07-25 14:51:20', 0, 0),
(1329, 18, '2020-07-25 14:51:20', 0, 0),
(1330, 18, '2020-07-25 14:51:20', 0, 0),
(1331, 18, '2020-07-25 14:51:20', 0, 0),
(1332, 18, '2020-07-25 14:51:20', 0, 0),
(1333, 18, '2020-07-25 14:51:20', 0, 0),
(1334, 18, '2020-07-25 14:51:20', 0, 0),
(1335, 18, '2020-07-25 14:51:20', 0, 0),
(1336, 18, '2020-07-25 14:51:20', 0, 0),
(1337, 18, '2020-07-25 14:51:20', 0, 0),
(1338, 18, '2020-07-25 14:51:20', 0, 0),
(1339, 18, '2020-07-25 14:51:20', 0, 0),
(1340, 18, '2020-07-25 14:51:20', 0, 0),
(1341, 18, '2020-07-25 14:51:20', 0, 0),
(1342, 18, '2020-07-25 14:51:20', 0, 0),
(1343, 18, '2020-07-25 14:51:20', 0, 0),
(1344, 18, '2020-07-25 14:51:20', 0, 0),
(1345, 18, '2020-07-25 14:51:20', 0, 0),
(1346, 18, '2020-07-25 14:51:20', 0, 0),
(1347, 18, '2020-07-25 14:51:20', 0, 0),
(1348, 18, '2020-07-25 14:51:20', 0, 0),
(1349, 18, '2020-07-25 14:51:20', 0, 0),
(1350, 18, '2020-07-25 14:51:20', 0, 0),
(1351, 18, '2020-07-25 14:51:20', 0, 0),
(1352, 18, '2020-07-25 14:51:20', 0, 0),
(1353, 18, '2020-07-25 14:51:20', 0, 0),
(1354, 18, '2020-07-25 14:51:20', 0, 0),
(1355, 18, '2020-07-25 14:51:20', 0, 0),
(1356, 18, '2020-07-25 14:51:20', 0, 0),
(1357, 18, '2020-07-25 14:51:20', 0, 0),
(1358, 18, '2020-07-25 14:51:20', 0, 0),
(1359, 18, '2020-07-25 14:51:20', 0, 0),
(1360, 18, '2020-07-25 14:51:20', 0, 0),
(1361, 18, '2020-07-25 14:51:20', 0, 0),
(1362, 18, '2020-07-25 14:51:20', 0, 0),
(1363, 18, '2020-07-25 14:51:20', 0, 0),
(1364, 18, '2020-07-25 14:51:20', 0, 0),
(1365, 18, '2020-07-25 14:51:20', 0, 0),
(1366, 18, '2020-07-25 14:51:20', 0, 0),
(1367, 18, '2020-07-25 14:51:20', 0, 0),
(1368, 18, '2020-07-25 14:51:20', 0, 0),
(1369, 18, '2020-07-25 14:51:20', 0, 0),
(1370, 18, '2020-07-25 14:51:20', 0, 0),
(1371, 18, '2020-07-25 14:51:20', 0, 0),
(1372, 18, '2020-07-25 14:51:20', 0, 0),
(1373, 18, '2020-07-25 14:51:20', 0, 0),
(1374, 18, '2020-07-25 14:51:20', 0, 0),
(1375, 18, '2020-07-25 14:51:20', 0, 0),
(1376, 18, '2020-07-25 14:51:20', 0, 0),
(1377, 18, '2020-07-25 14:51:20', 0, 0),
(1378, 18, '2020-07-25 14:51:20', 0, 0),
(1379, 18, '2020-07-25 14:51:20', 0, 0),
(1380, 18, '2020-07-25 14:51:20', 0, 0),
(1381, 18, '2020-07-25 14:51:20', 0, 0),
(1382, 18, '2020-07-25 14:51:20', 0, 0),
(1383, 18, '2020-07-25 14:51:20', 0, 0),
(1384, 18, '2020-07-25 14:51:20', 0, 0),
(1385, 18, '2020-07-25 14:51:20', 0, 0),
(1386, 18, '2020-07-25 14:51:20', 0, 0),
(1387, 18, '2020-07-25 14:51:20', 0, 0),
(1388, 18, '2020-07-25 14:51:20', 0, 0),
(1389, 18, '2020-07-25 14:51:20', 0, 0),
(1390, 18, '2020-07-25 14:51:20', 0, 0),
(1391, 18, '2020-07-25 14:51:20', 0, 0),
(1392, 18, '2020-07-25 14:51:20', 0, 0),
(1393, 18, '2020-07-25 14:51:20', 0, 0),
(1394, 18, '2020-07-25 14:51:20', 0, 0),
(1395, 18, '2020-07-25 14:51:20', 0, 0),
(1396, 18, '2020-07-25 14:51:20', 0, 0),
(1397, 18, '2020-07-25 14:51:20', 0, 0),
(1398, 18, '2020-07-25 14:51:20', 0, 0),
(1399, 18, '2020-07-25 14:51:20', 0, 0),
(1400, 18, '2020-07-25 14:51:20', 0, 0),
(1401, 18, '2020-07-25 14:51:20', 0, 0),
(1402, 18, '2020-07-25 14:51:20', 0, 0),
(1403, 18, '2020-07-25 14:51:20', 0, 0),
(1404, 18, '2020-07-25 14:51:20', 0, 0),
(1405, 18, '2020-07-25 14:51:20', 0, 0),
(1406, 18, '2020-07-25 14:51:20', 0, 0),
(1407, 18, '2020-07-25 14:51:20', 0, 0),
(1408, 18, '2020-07-25 14:51:20', 0, 0),
(1409, 18, '2020-07-25 14:51:20', 0, 0),
(1410, 18, '2020-07-25 14:51:20', 0, 0),
(1411, 18, '2020-07-25 14:51:20', 0, 0),
(1412, 18, '2020-07-25 14:51:20', 0, 0),
(1413, 18, '2020-07-25 14:51:20', 0, 0),
(1414, 18, '2020-07-25 14:51:20', 0, 0),
(1415, 18, '2020-07-25 14:51:20', 0, 0),
(1416, 18, '2020-07-25 14:51:20', 0, 0),
(1417, 18, '2020-07-25 14:51:20', 0, 0),
(1418, 18, '2020-07-25 14:51:20', 0, 0),
(1419, 18, '2020-07-25 14:51:20', 0, 0),
(1420, 18, '2020-07-25 14:51:20', 0, 0),
(1421, 18, '2020-07-25 14:51:20', 0, 0),
(1422, 18, '2020-07-25 14:51:20', 0, 0),
(1423, 18, '2020-07-25 14:51:20', 0, 0),
(1424, 18, '2020-07-25 14:51:20', 0, 0),
(1425, 18, '2020-07-25 14:51:20', 0, 0),
(1426, 18, '2020-07-25 14:51:20', 0, 0),
(1427, 18, '2020-07-25 14:51:20', 0, 0),
(1428, 18, '2020-07-25 14:51:20', 0, 0),
(1429, 18, '2020-07-25 14:51:20', 0, 0),
(1430, 18, '2020-07-25 14:51:20', 0, 0),
(1431, 18, '2020-07-25 14:51:20', 0, 0),
(1432, 18, '2020-07-25 14:51:20', 0, 0),
(1433, 18, '2020-07-25 14:51:20', 0, 0),
(1434, 18, '2020-07-25 14:51:20', 0, 0),
(1435, 18, '2020-07-25 14:51:20', 0, 0),
(1436, 18, '2020-07-25 14:51:20', 0, 0),
(1437, 18, '2020-07-25 14:51:20', 0, 0),
(1438, 18, '2020-07-25 14:51:20', 0, 0),
(1439, 18, '2020-07-25 14:51:20', 0, 0),
(1440, 18, '2020-07-25 14:51:20', 0, 0),
(1441, 18, '2020-07-25 14:51:20', 0, 0),
(1442, 18, '2020-07-25 14:51:20', 0, 0),
(1443, 18, '2020-07-25 14:51:20', 0, 0),
(1444, 18, '2020-07-25 14:51:20', 0, 0),
(1445, 18, '2020-07-25 14:51:20', 0, 0),
(1446, 18, '2020-07-25 14:51:20', 0, 0),
(1447, 18, '2020-07-25 14:51:20', 0, 0),
(1448, 18, '2020-07-25 14:51:20', 0, 0),
(1449, 18, '2020-07-25 14:51:20', 0, 0),
(1450, 18, '2020-07-25 14:51:20', 0, 0),
(1451, 18, '2020-07-25 14:51:20', 0, 0),
(1452, 18, '2020-07-25 14:51:20', 0, 0),
(1453, 18, '2020-07-25 14:51:20', 0, 0),
(1454, 18, '2020-07-25 14:51:20', 0, 0),
(1455, 18, '2020-07-25 14:51:20', 0, 0),
(1456, 18, '2020-07-25 14:51:20', 0, 0),
(1457, 18, '2020-07-25 14:51:20', 0, 0),
(1458, 18, '2020-07-25 14:51:20', 0, 0),
(1459, 18, '2020-07-25 14:51:20', 0, 0),
(1460, 18, '2020-07-25 14:51:20', 0, 0),
(1461, 18, '2020-07-25 14:51:20', 0, 0),
(1462, 18, '2020-07-25 14:51:20', 0, 0),
(1463, 18, '2020-07-25 14:51:20', 0, 0),
(1464, 18, '2020-07-25 14:51:20', 0, 0),
(1465, 18, '2020-07-25 14:51:20', 0, 0),
(1466, 18, '2020-07-25 14:51:20', 0, 0),
(1467, 18, '2020-07-25 14:51:20', 0, 0),
(1468, 18, '2020-07-25 14:51:20', 0, 0),
(1469, 18, '2020-07-25 14:51:20', 0, 0),
(1470, 18, '2020-07-25 14:51:20', 0, 0),
(1471, 18, '2020-07-25 14:51:20', 0, 0),
(1472, 18, '2020-07-25 14:51:20', 0, 0),
(1473, 18, '2020-07-25 14:51:20', 0, 0),
(1474, 18, '2020-07-25 14:51:20', 0, 0),
(1475, 18, '2020-07-25 14:51:20', 0, 0),
(1476, 18, '2020-07-25 14:51:20', 0, 0),
(1477, 18, '2020-07-25 14:51:20', 0, 0),
(1478, 18, '2020-07-25 14:51:20', 0, 0),
(1479, 18, '2020-07-25 14:51:20', 0, 0),
(1480, 18, '2020-07-25 14:51:20', 0, 0),
(1481, 18, '2020-07-25 14:51:20', 0, 0),
(1482, 18, '2020-07-25 14:51:20', 0, 0),
(1483, 18, '2020-07-25 14:51:20', 0, 0),
(1484, 18, '2020-07-25 14:51:20', 0, 0),
(1485, 18, '2020-07-25 14:51:20', 0, 0),
(1486, 18, '2020-07-25 14:51:20', 0, 0),
(1487, 18, '2020-07-25 14:51:20', 0, 0),
(1488, 18, '2020-07-25 14:51:20', 0, 0),
(1489, 18, '2020-07-25 14:51:20', 0, 0),
(1490, 18, '2020-07-25 14:51:20', 0, 0),
(1491, 18, '2020-07-25 14:51:20', 0, 0),
(1492, 18, '2020-07-25 14:51:20', 0, 0),
(1493, 18, '2020-07-25 14:51:20', 0, 0),
(1494, 18, '2020-07-25 14:51:20', 0, 0),
(1495, 18, '2020-07-25 14:51:20', 0, 0),
(1496, 18, '2020-07-25 14:51:20', 0, 0),
(1497, 18, '2020-07-25 14:51:21', 0, 0),
(1498, 18, '2020-07-25 14:51:21', 0, 0),
(1499, 18, '2020-07-25 14:51:27', 1, 0),
(1500, 18, '2020-07-25 14:51:27', 0, 0),
(1501, 18, '2020-07-25 14:51:30', 0, 0),
(1502, 18, '2020-07-25 14:51:31', 0, 0),
(1503, 18, '2020-07-25 14:51:37', 0, 0),
(1504, 18, '2020-07-25 14:51:37', 0, 0),
(1505, 18, '2020-07-25 14:51:47', 0, 0),
(1506, 18, '2020-07-25 14:51:47', 1, 0),
(1507, 18, '2020-07-25 14:51:59', 1, 0),
(1508, 18, '2020-07-25 14:51:59', 0, 0),
(1509, 18, '2020-07-25 14:52:07', 0, 0),
(1510, 18, '2020-07-25 14:52:07', 0, 0),
(1511, 18, '2020-07-25 14:52:18', 0, 0),
(1512, 18, '2020-07-25 14:52:18', 0, 0),
(1513, 18, '2020-07-25 14:52:27', 0, 0),
(1514, 18, '2020-07-25 14:52:27', 1, 0),
(1515, 18, '2020-07-25 14:52:40', 0, 0),
(1516, 18, '2020-07-25 14:52:40', 1, 0),
(1517, 18, '2020-07-25 14:52:47', 0, 0),
(1518, 18, '2020-07-25 14:52:47', 0, 0),
(1519, 18, '2020-07-25 14:52:57', 1, 0),
(1520, 18, '2020-07-25 14:52:57', 0, 0),
(1521, 18, '2020-07-25 14:53:09', 0, 0),
(1522, 18, '2020-07-25 14:53:09', 0, 0),
(1523, 18, '2020-07-25 14:53:17', 1, 0),
(1524, 18, '2020-07-25 14:53:17', 0, 0),
(1525, 18, '2020-07-25 14:53:27', 1, 0),
(1526, 18, '2020-07-25 14:53:27', 0, 0),
(1527, 18, '2020-07-25 14:53:48', 0, 0),
(1528, 18, '2020-07-25 14:53:48', 0, 0),
(1529, 18, '2020-07-25 14:53:57', 0, 0),
(1530, 18, '2020-07-25 14:53:57', 1, 0),
(1531, 17, '2020-07-25 14:54:55', 0, 0),
(1532, 18, '2020-07-25 14:54:55', 0, 0),
(1533, 17, '2020-07-25 14:54:57', 1, 0),
(1534, 18, '2020-07-25 14:54:57', 0, 0),
(1535, 17, '2020-07-25 14:55:07', 1, 0),
(1536, 18, '2020-07-25 14:55:07', 1, 0),
(1537, 17, '2020-07-25 14:55:16', 0, 0),
(1538, 18, '2020-07-25 14:55:16', 0, 0),
(1539, 17, '2020-07-25 14:55:17', 0, 0),
(1540, 18, '2020-07-25 14:55:17', 1, 0),
(1541, 17, '2020-07-25 14:55:19', 0, 0),
(1542, 18, '2020-07-25 14:55:20', 0, 0),
(1543, 17, '2020-07-25 14:55:22', 0, 0),
(1544, 18, '2020-07-25 14:55:22', 0, 0),
(1545, 17, '2020-07-25 14:55:24', 0, 0),
(1546, 18, '2020-07-25 14:55:24', 0, 0),
(1547, 17, '2020-07-25 14:55:27', 1, 0),
(1548, 18, '2020-07-25 14:55:27', 0, 0),
(1549, 17, '2020-07-25 14:55:37', 0, 0),
(1550, 18, '2020-07-25 14:55:37', 0, 0),
(1551, 17, '2020-07-25 14:55:41', 0, 0),
(1552, 18, '2020-07-25 14:55:41', 0, 0),
(1553, 17, '2020-07-25 14:55:47', 0, 0),
(1554, 18, '2020-07-25 14:55:47', 0, 0),
(1555, 17, '2020-07-25 14:55:57', 1, 0),
(1556, 18, '2020-07-25 14:55:57', 1, 0),
(1557, 17, '2020-07-25 14:56:07', 0, 0),
(1558, 18, '2020-07-25 14:56:07', 1, 0),
(1559, 17, '2020-07-25 14:56:21', 1, 0),
(1560, 18, '2020-07-25 14:56:21', 0, 0),
(1561, 17, '2020-07-25 14:56:27', 1, 0),
(1562, 18, '2020-07-25 14:56:27', 1, 0),
(1563, 17, '2020-07-25 14:56:37', 0, 0),
(1564, 18, '2020-07-25 14:56:37', 0, 0),
(1565, 17, '2020-07-25 14:56:47', 0, 0),
(1566, 18, '2020-07-25 14:56:47', 0, 0),
(1567, 17, '2020-07-25 14:56:58', 0, 0),
(1568, 18, '2020-07-25 14:56:59', 0, 0),
(1569, 17, '2020-07-25 14:57:07', 1, 0),
(1570, 18, '2020-07-25 14:57:07', 0, 0),
(1571, 17, '2020-07-25 14:57:15', 0, 0),
(1572, 18, '2020-07-25 14:57:15', 0, 0),
(1573, 17, '2020-07-25 14:57:17', 0, 0),
(1574, 18, '2020-07-25 14:57:17', 1, 0),
(1575, 18, '2020-07-25 14:57:27', 0, 0),
(1576, 17, '2020-07-25 14:57:27', 0, 0),
(1577, 17, '2020-07-25 14:57:29', 0, 0),
(1578, 18, '2020-07-25 14:57:29', 0, 0),
(1579, 17, '2020-07-25 14:57:37', 0, 0),
(1580, 18, '2020-07-25 14:57:37', 0, 0),
(1581, 17, '2020-07-25 14:57:47', 1, 0),
(1582, 18, '2020-07-25 14:57:47', 1, 0),
(1583, 17, '2020-07-25 14:57:57', 0, 0),
(1584, 18, '2020-07-25 14:57:57', 0, 0),
(1585, 17, '2020-07-25 14:58:07', 0, 0),
(1586, 18, '2020-07-25 14:58:07', 0, 0),
(1587, 17, '2020-07-25 14:58:17', 1, 0),
(1588, 18, '2020-07-25 14:58:17', 0, 0),
(1589, 17, '2020-07-25 14:58:27', 0, 0),
(1590, 18, '2020-07-25 14:58:27', 0, 0),
(1591, 17, '2020-07-25 14:58:37', 1, 0),
(1592, 18, '2020-07-25 14:58:37', 1, 0),
(1593, 17, '2020-07-25 14:58:44', 0, 0),
(1594, 18, '2020-07-25 14:58:44', 0, 0),
(1595, 17, '2020-07-25 14:58:47', 0, 0),
(1596, 18, '2020-07-25 14:58:47', 0, 0),
(1597, 18, '2020-07-25 14:58:57', 0, 0),
(1598, 17, '2020-07-25 14:58:57', 0, 0),
(1599, 17, '2020-07-25 14:59:00', 0, 0),
(1600, 18, '2020-07-25 14:59:00', 0, 0),
(1601, 17, '2020-07-25 14:59:10', 1, 0),
(1602, 18, '2020-07-25 14:59:10', 1, 0),
(1603, 17, '2020-07-25 14:59:17', 1, 0),
(1604, 18, '2020-07-25 14:59:17', 1, 0),
(1605, 18, '2020-07-25 14:59:27', 0, 0),
(1606, 17, '2020-07-25 14:59:27', 0, 0),
(1607, 17, '2020-07-25 14:59:37', 1, 0),
(1608, 18, '2020-07-25 14:59:37', 1, 0),
(1609, 17, '2020-07-25 14:59:47', 0, 0),
(1610, 18, '2020-07-25 14:59:47', 0, 0),
(1611, 17, '2020-07-25 14:59:57', 0, 0),
(1612, 18, '2020-07-25 14:59:57', 1, 0),
(1613, 17, '2020-07-25 15:00:07', 1, 0),
(1614, 18, '2020-07-25 15:00:07', 0, 0),
(1615, 17, '2020-07-25 15:00:17', 1, 0),
(1616, 18, '2020-07-25 15:00:17', 0, 0),
(1617, 17, '2020-07-25 15:00:30', 0, 0),
(1618, 18, '2020-07-25 15:00:30', 0, 0),
(1619, 17, '2020-07-25 15:00:37', 1, 0),
(1620, 18, '2020-07-25 15:00:37', 0, 0),
(1621, 17, '2020-07-25 15:00:47', 0, 0),
(1622, 18, '2020-07-25 15:00:47', 0, 0),
(1623, 17, '2020-07-25 15:00:57', 0, 0),
(1624, 18, '2020-07-25 15:00:57', 0, 0),
(1625, 17, '2020-07-25 15:01:07', 0, 0),
(1626, 18, '2020-07-25 15:01:07', 0, 0),
(1627, 17, '2020-07-25 15:01:17', 0, 0),
(1628, 18, '2020-07-25 15:01:17', 1, 0),
(1629, 17, '2020-07-25 15:01:27', 1, 0),
(1630, 18, '2020-07-25 15:01:27', 0, 0),
(1631, 17, '2020-07-25 15:01:37', 0, 0),
(1632, 18, '2020-07-25 15:01:37', 0, 0),
(1633, 17, '2020-07-25 15:01:40', 0, 0),
(1634, 18, '2020-07-25 15:01:41', 0, 0),
(1635, 17, '2020-07-25 15:01:47', 0, 0),
(1636, 18, '2020-07-25 15:01:47', 0, 0),
(1637, 17, '2020-07-25 15:01:51', 0, 0),
(1638, 18, '2020-07-25 15:01:51', 0, 0),
(1639, 17, '2020-07-25 15:01:57', 1, 0),
(1640, 18, '2020-07-25 15:01:57', 1, 0),
(1641, 17, '2020-07-25 15:02:09', 1, 0),
(1642, 18, '2020-07-25 15:02:09', 1, 0),
(1643, 17, '2020-07-25 15:02:10', 0, 0),
(1644, 18, '2020-07-25 15:02:10', 0, 0),
(1645, 17, '2020-07-25 15:02:17', 1, 0),
(1646, 18, '2020-07-25 15:02:17', 1, 0),
(1647, 17, '2020-07-25 15:02:27', 1, 0),
(1648, 18, '2020-07-25 15:02:27', 1, 0),
(1649, 17, '2020-07-25 15:02:27', 0, 0),
(1650, 18, '2020-07-25 15:02:28', 0, 0),
(1651, 17, '2020-07-25 15:02:37', 0, 0),
(1652, 18, '2020-07-25 15:02:37', 0, 0),
(1653, 17, '2020-07-25 15:02:47', 0, 0),
(1654, 18, '2020-07-25 15:02:47', 1, 0),
(1655, 17, '2020-07-25 15:02:52', 0, 0),
(1656, 18, '2020-07-25 15:02:52', 0, 0),
(1657, 17, '2020-07-25 15:02:57', 1, 0),
(1658, 18, '2020-07-25 15:02:57', 1, 0),
(1659, 17, '2020-07-25 15:03:07', 1, 0),
(1660, 18, '2020-07-25 15:03:07', 1, 0),
(1661, 17, '2020-07-25 15:03:09', 0, 0),
(1662, 18, '2020-07-25 15:03:09', 0, 0),
(1663, 17, '2020-07-25 15:03:17', 1, 0),
(1664, 18, '2020-07-25 15:03:17', 0, 0),
(1665, 17, '2020-07-25 15:03:27', 1, 0),
(1666, 18, '2020-07-25 15:03:27', 0, 0),
(1667, 17, '2020-07-25 15:03:31', 0, 0),
(1668, 18, '2020-07-25 15:03:32', 0, 0),
(1669, 17, '2020-07-25 15:03:37', 0, 0),
(1670, 18, '2020-07-25 15:03:38', 0, 0),
(1671, 17, '2020-07-25 15:03:52', 0, 0),
(1672, 18, '2020-07-25 15:03:53', 0, 0),
(1673, 17, '2020-07-25 15:03:55', 0, 0),
(1674, 18, '2020-07-25 15:03:55', 0, 0),
(1675, 17, '2020-07-25 15:03:57', 1, 0),
(1676, 18, '2020-07-25 15:03:57', 1, 0),
(1677, 17, '2020-07-25 15:04:07', 1, 0),
(1678, 18, '2020-07-25 15:04:07', 0, 0),
(1679, 17, '2020-07-25 15:04:19', 0, 0),
(1680, 18, '2020-07-25 15:04:19', 0, 0),
(1681, 17, '2020-07-25 15:04:27', 0, 0),
(1682, 18, '2020-07-25 15:04:27', 1, 0),
(1683, 17, '2020-07-25 15:04:37', 1, 0),
(1684, 18, '2020-07-25 15:04:37', 1, 0),
(1685, 17, '2020-07-25 15:04:47', 1, 0),
(1686, 18, '2020-07-25 15:04:47', 0, 0),
(1687, 17, '2020-07-25 15:04:57', 1, 0),
(1688, 18, '2020-07-25 15:04:57', 1, 0),
(1689, 17, '2020-07-25 15:05:07', 1, 0),
(1690, 18, '2020-07-25 15:05:07', 0, 0),
(1691, 17, '2020-07-25 15:05:18', 1, 0),
(1692, 18, '2020-07-25 15:05:18', 1, 0),
(1693, 18, '2020-07-25 15:05:44', 0, 0),
(1694, 17, '2020-07-25 15:05:48', 0, 0),
(1695, 17, '2020-07-25 15:05:48', 1, 0),
(1696, 18, '2020-07-25 15:05:48', 0, 0),
(1697, 17, '2020-07-25 15:05:57', 1, 0),
(1698, 18, '2020-07-25 15:05:57', 1, 0),
(1699, 18, '2020-07-25 15:06:07', 0, 0),
(1700, 17, '2020-07-25 15:06:07', 1, 0),
(1701, 17, '2020-07-25 15:06:21', 0, 0),
(1702, 18, '2020-07-25 15:06:21', 0, 0),
(1703, 17, '2020-07-25 15:06:27', 1, 0),
(1704, 18, '2020-07-25 15:06:27', 1, 0),
(1705, 17, '2020-07-25 15:06:37', 1, 0),
(1706, 18, '2020-07-25 15:06:37', 0, 0),
(1707, 17, '2020-07-25 15:06:47', 0, 0),
(1708, 18, '2020-07-25 15:06:47', 1, 0),
(1709, 17, '2020-07-25 15:06:58', 1, 0),
(1710, 18, '2020-07-25 15:06:58', 1, 0),
(1711, 17, '2020-07-25 15:07:07', 0, 0),
(1712, 18, '2020-07-25 15:07:07', 1, 0),
(1713, 17, '2020-07-25 15:07:17', 0, 0),
(1714, 18, '2020-07-25 15:07:17', 1, 0),
(1715, 17, '2020-07-25 15:07:27', 0, 0),
(1716, 18, '2020-07-25 15:07:27', 1, 0),
(1717, 17, '2020-07-25 15:07:40', 0, 0),
(1718, 18, '2020-07-25 15:07:40', 0, 0),
(1719, 17, '2020-07-25 15:07:47', 1, 0),
(1720, 18, '2020-07-25 15:07:47', 0, 0),
(1721, 17, '2020-07-25 15:07:57', 1, 0),
(1722, 18, '2020-07-25 15:07:57', 1, 0),
(1723, 17, '2020-07-25 15:08:07', 0, 0),
(1724, 18, '2020-07-25 15:08:07', 0, 0),
(1725, 17, '2020-07-25 15:08:17', 1, 0),
(1726, 18, '2020-07-25 15:08:17', 1, 0),
(1727, 17, '2020-07-25 15:08:27', 0, 0),
(1728, 18, '2020-07-25 15:08:27', 0, 0),
(1729, 17, '2020-07-25 15:08:37', 1, 0),
(1730, 18, '2020-07-25 15:08:37', 1, 0),
(1731, 17, '2020-07-25 15:08:47', 0, 0),
(1732, 18, '2020-07-25 15:08:47', 0, 0),
(1733, 17, '2020-07-25 15:08:57', 0, 0),
(1734, 18, '2020-07-25 15:08:57', 1, 0),
(1735, 17, '2020-07-25 15:09:07', 0, 0),
(1736, 18, '2020-07-25 15:09:07', 0, 0),
(1737, 18, '2020-07-25 15:09:21', 0, 0),
(1738, 17, '2020-07-25 15:09:21', 1, 0),
(1739, 17, '2020-07-25 15:09:27', 0, 0),
(1740, 18, '2020-07-25 15:09:27', 1, 0),
(1741, 17, '2020-07-25 15:09:34', 0, 0),
(1742, 18, '2020-07-25 15:09:34', 0, 0),
(1743, 17, '2020-07-25 15:09:38', 0, 0),
(1744, 18, '2020-07-25 15:09:38', 0, 0),
(1745, 17, '2020-07-25 15:09:52', 1, 0),
(1746, 18, '2020-07-25 15:09:52', 0, 0),
(1747, 17, '2020-07-25 15:09:57', 0, 0),
(1748, 18, '2020-07-25 15:09:57', 1, 0),
(1749, 17, '2020-07-25 15:10:07', 1, 0),
(1750, 18, '2020-07-25 15:10:07', 1, 0),
(1751, 18, '2020-07-25 15:10:17', 1, 0),
(1752, 17, '2020-07-25 15:10:17', 0, 0),
(1753, 17, '2020-07-25 15:10:27', 0, 0),
(1754, 18, '2020-07-25 15:10:27', 0, 0),
(1755, 18, '2020-07-25 15:10:37', 1, 0),
(1756, 17, '2020-07-25 15:10:37', 1, 0),
(1757, 17, '2020-07-25 15:10:47', 0, 0),
(1758, 18, '2020-07-25 15:10:47', 0, 0),
(1761, 17, '2020-07-25 15:10:56', 0, 0),
(1762, 18, '2020-07-25 15:10:56', 0, 0),
(1763, 17, '2020-07-25 15:10:57', 0, 0),
(1764, 18, '2020-07-25 15:10:57', 1, 0),
(1765, 17, '2020-07-25 15:11:07', 0, 0),
(1766, 18, '2020-07-25 15:11:07', 1, 0),
(1767, 17, '2020-07-25 15:11:17', 0, 0),
(1768, 18, '2020-07-25 15:11:17', 1, 0),
(1769, 17, '2020-07-25 15:11:27', 0, 0),
(1770, 18, '2020-07-25 15:11:27', 1, 0),
(1771, 17, '2020-07-25 15:11:37', 0, 0),
(1772, 18, '2020-07-25 15:11:37', 0, 0),
(1773, 18, '2020-07-25 15:11:47', 0, 0),
(1774, 17, '2020-07-25 15:11:47', 1, 0),
(1775, 17, '2020-07-25 15:11:59', 1, 0),
(1776, 18, '2020-07-25 15:11:59', 0, 0),
(1777, 17, '2020-07-25 15:12:07', 0, 0),
(1778, 18, '2020-07-25 15:12:07', 0, 0),
(1779, 17, '2020-07-25 15:12:17', 0, 0),
(1780, 18, '2020-07-25 15:12:17', 0, 0),
(1781, 17, '2020-07-25 15:12:29', 1, 0),
(1782, 18, '2020-07-25 15:12:29', 0, 0),
(1783, 17, '2020-07-25 15:12:37', 0, 0),
(1784, 18, '2020-07-25 15:12:37', 0, 0),
(1785, 17, '2020-07-25 15:12:47', 0, 0),
(1786, 18, '2020-07-25 15:12:47', 1, 0),
(1787, 17, '2020-07-25 15:12:55', 0, 0),
(1788, 18, '2020-07-25 15:12:55', 0, 0),
(1789, 17, '2020-07-25 15:13:01', 1, 0),
(1790, 18, '2020-07-25 15:13:01', 0, 0),
(1791, 17, '2020-07-25 15:13:07', 0, 0),
(1792, 18, '2020-07-25 15:13:07', 1, 0),
(1793, 17, '2020-07-25 15:13:17', 0, 0),
(1794, 18, '2020-07-25 15:13:17', 1, 0),
(1795, 17, '2020-07-25 15:13:27', 1, 0),
(1796, 18, '2020-07-25 15:13:27', 0, 0),
(1797, 17, '2020-07-25 15:13:37', 1, 0),
(1798, 18, '2020-07-25 15:13:37', 0, 0),
(1799, 17, '2020-07-25 15:13:47', 1, 0),
(1800, 18, '2020-07-25 15:13:47', 1, 0),
(1801, 17, '2020-07-25 15:14:01', 1, 0),
(1802, 18, '2020-07-25 15:14:01', 1, 0),
(1803, 17, '2020-07-25 15:14:07', 0, 0),
(1804, 18, '2020-07-25 15:14:07', 0, 0),
(1805, 17, '2020-07-25 15:14:17', 0, 0),
(1806, 18, '2020-07-25 15:14:17', 1, 0),
(1807, 17, '2020-07-25 15:14:31', 0, 0),
(1808, 18, '2020-07-25 15:14:31', 0, 0),
(1809, 17, '2020-07-25 15:14:37', 0, 0),
(1810, 18, '2020-07-25 15:14:37', 0, 0),
(1811, 17, '2020-07-25 15:14:47', 1, 0),
(1812, 18, '2020-07-25 15:14:48', 0, 0),
(1813, 17, '2020-07-25 15:14:57', 0, 0),
(1814, 18, '2020-07-25 15:14:57', 1, 0),
(1815, 18, '2020-07-25 15:15:07', 1, 0),
(1816, 17, '2020-07-25 15:15:07', 0, 0),
(1817, 18, '2020-07-25 15:15:17', 0, 0),
(1818, 17, '2020-07-25 15:15:17', 0, 0),
(1819, 17, '2020-07-25 15:15:27', 1, 0),
(1820, 18, '2020-07-25 15:15:27', 0, 0),
(1821, 17, '2020-07-25 15:15:39', 0, 0),
(1822, 18, '2020-07-25 15:15:39', 1, 0),
(1823, 17, '2020-07-25 15:15:47', 0, 0),
(1824, 18, '2020-07-25 15:15:47', 0, 0),
(1825, 17, '2020-07-25 15:15:57', 1, 0),
(1826, 18, '2020-07-25 15:15:57', 1, 0),
(1827, 17, '2020-07-25 15:16:13', 0, 0),
(1828, 18, '2020-07-25 15:16:13', 0, 0),
(1829, 17, '2020-07-25 15:16:17', 0, 0),
(1830, 18, '2020-07-25 15:16:17', 0, 0),
(1831, 17, '2020-07-25 15:16:27', 0, 0),
(1832, 18, '2020-07-25 15:16:27', 1, 0),
(1833, 17, '2020-07-25 15:16:41', 0, 0),
(1834, 18, '2020-07-25 15:16:41', 0, 0),
(1835, 17, '2020-07-25 15:16:46', 0, 0),
(1836, 18, '2020-07-25 15:16:46', 0, 0),
(1837, 17, '2020-07-25 15:16:47', 0, 0),
(1838, 18, '2020-07-25 15:16:47', 1, 0),
(1839, 17, '2020-07-25 15:16:57', 1, 0),
(1840, 18, '2020-07-25 15:16:57', 1, 0),
(1841, 17, '2020-07-25 15:17:07', 1, 0),
(1842, 18, '2020-07-25 15:17:07', 1, 0),
(1843, 17, '2020-07-25 15:17:17', 1, 0),
(1844, 18, '2020-07-25 15:17:17', 0, 0),
(1845, 17, '2020-07-25 15:17:27', 0, 0),
(1846, 18, '2020-07-25 15:17:27', 1, 0),
(1847, 17, '2020-07-25 15:17:37', 0, 0),
(1848, 18, '2020-07-25 15:17:37', 1, 0),
(1849, 17, '2020-07-25 15:17:47', 1, 0),
(1850, 18, '2020-07-25 15:17:47', 0, 0),
(1851, 18, '2020-07-25 15:17:57', 0, 0),
(1852, 17, '2020-07-25 15:17:57', 0, 0),
(1853, 17, '2020-07-25 15:18:07', 0, 0),
(1854, 18, '2020-07-25 15:18:07', 1, 0),
(1855, 17, '2020-07-25 15:18:17', 0, 0),
(1856, 18, '2020-07-25 15:18:17', 1, 0),
(1857, 17, '2020-07-25 15:18:27', 0, 0),
(1858, 18, '2020-07-25 15:18:27', 1, 0),
(1859, 17, '2020-07-25 15:18:37', 0, 0),
(1860, 18, '2020-07-25 15:18:37', 1, 0),
(1861, 17, '2020-07-25 15:18:47', 1, 0),
(1862, 18, '2020-07-25 15:18:47', 0, 0),
(1863, 17, '2020-07-25 15:18:57', 1, 0),
(1864, 18, '2020-07-25 15:18:57', 1, 0),
(1865, 17, '2020-07-25 15:19:07', 1, 0),
(1866, 18, '2020-07-25 15:19:07', 0, 0),
(1867, 17, '2020-07-25 15:19:20', 1, 0),
(1868, 18, '2020-07-25 15:19:20', 1, 0),
(1869, 17, '2020-07-25 15:19:28', 0, 0),
(1870, 18, '2020-07-25 15:19:29', 0, 0),
(1871, 17, '2020-07-25 15:19:37', 0, 0),
(1872, 18, '2020-07-25 15:19:37', 0, 0),
(1873, 17, '2020-07-25 15:19:51', 0, 0),
(1874, 18, '2020-07-25 15:19:51', 0, 0),
(1875, 17, '2020-07-25 15:19:57', 0, 0),
(1876, 18, '2020-07-25 15:19:57', 0, 0),
(1877, 17, '2020-07-25 15:20:07', 1, 0),
(1878, 18, '2020-07-25 15:20:07', 0, 0),
(1879, 18, '2020-07-25 15:20:19', 0, 0),
(1880, 17, '2020-07-25 15:20:20', 0, 0),
(1881, 17, '2020-07-25 15:20:27', 1, 0),
(1882, 18, '2020-07-25 15:20:27', 0, 0),
(1883, 17, '2020-07-25 15:20:36', 0, 0),
(1884, 18, '2020-07-25 15:20:36', 0, 0),
(1885, 17, '2020-07-25 15:20:37', 0, 0),
(1886, 18, '2020-07-25 15:20:37', 0, 0),
(1887, 17, '2020-07-25 15:20:47', 1, 0),
(1888, 18, '2020-07-25 15:20:48', 0, 0),
(1889, 17, '2020-07-25 15:20:57', 0, 0),
(1890, 18, '2020-07-25 15:20:57', 0, 0),
(1891, 17, '2020-07-25 15:21:07', 0, 0),
(1892, 18, '2020-07-25 15:21:07', 0, 0),
(1893, 17, '2020-07-25 15:21:17', 0, 0),
(1894, 18, '2020-07-25 15:21:17', 0, 0),
(1895, 17, '2020-07-25 15:21:27', 0, 0),
(1896, 18, '2020-07-25 15:21:27', 1, 0),
(1897, 17, '2020-07-25 15:21:37', 1, 0),
(1898, 18, '2020-07-25 15:21:37', 0, 0),
(1899, 17, '2020-07-25 15:21:47', 0, 0),
(1900, 18, '2020-07-25 15:21:47', 1, 0),
(1901, 17, '2020-07-25 15:21:58', 1, 0),
(1902, 18, '2020-07-25 15:21:58', 1, 0),
(1903, 17, '2020-07-25 15:22:07', 1, 0),
(1904, 18, '2020-07-25 15:22:07', 0, 0),
(1905, 17, '2020-07-25 15:22:17', 1, 0),
(1906, 18, '2020-07-25 15:22:17', 0, 0),
(1907, 18, '2020-07-25 15:22:27', 1, 0),
(1908, 17, '2020-07-25 15:22:27', 0, 0),
(1909, 17, '2020-07-25 15:22:37', 0, 0),
(1910, 18, '2020-07-25 15:22:37', 0, 0),
(1911, 17, '2020-07-25 15:22:51', 0, 0),
(1912, 18, '2020-07-25 15:22:51', 0, 0),
(1913, 17, '2020-07-25 15:22:57', 1, 0),
(1914, 18, '2020-07-25 15:22:57', 0, 0),
(1915, 17, '2020-07-25 15:23:07', 1, 0),
(1916, 18, '2020-07-25 15:23:07', 0, 0),
(1917, 17, '2020-07-25 15:23:17', 1, 0),
(1918, 18, '2020-07-25 15:23:17', 1, 0),
(1919, 17, '2020-07-25 15:23:27', 1, 0),
(1920, 18, '2020-07-25 15:23:27', 1, 0),
(1921, 17, '2020-07-25 15:23:37', 1, 0),
(1922, 18, '2020-07-25 15:23:37', 0, 0),
(1923, 17, '2020-07-25 15:23:47', 0, 0),
(1924, 18, '2020-07-25 15:23:47', 0, 0),
(1925, 17, '2020-07-25 15:24:04', 0, 0),
(1926, 18, '2020-07-25 15:24:05', 0, 0),
(1927, 17, '2020-07-25 15:24:07', 1, 0),
(1928, 18, '2020-07-25 15:24:07', 0, 0),
(1929, 17, '2020-07-25 15:24:17', 0, 0),
(1930, 18, '2020-07-25 15:24:17', 1, 0),
(1931, 17, '2020-07-25 15:24:20', 0, 0),
(1932, 18, '2020-07-25 15:24:20', 0, 0),
(1933, 17, '2020-07-25 15:24:27', 1, 0),
(1934, 18, '2020-07-25 15:24:27', 1, 0),
(1935, 17, '2020-07-25 15:24:37', 1, 0),
(1936, 18, '2020-07-25 15:24:37', 0, 0),
(1937, 17, '2020-07-25 15:24:47', 0, 0),
(1938, 18, '2020-07-25 15:24:47', 0, 0),
(1939, 17, '2020-07-25 15:24:47', 1, 0),
(1940, 18, '2020-07-25 15:24:47', 1, 0),
(1941, 17, '2020-07-25 15:24:57', 1, 0),
(1942, 18, '2020-07-25 15:24:57', 1, 0),
(1943, 17, '2020-07-25 15:25:07', 1, 0),
(1944, 18, '2020-07-25 15:25:07', 1, 0),
(1945, 17, '2020-07-25 15:25:17', 0, 0),
(1946, 18, '2020-07-25 15:25:17', 0, 0),
(1947, 17, '2020-07-25 15:25:28', 0, 0),
(1948, 18, '2020-07-25 15:25:28', 1, 0),
(1949, 17, '2020-07-25 15:25:37', 0, 0),
(1950, 18, '2020-07-25 15:25:37', 0, 0),
(1951, 17, '2020-07-25 15:25:39', 0, 0),
(1952, 18, '2020-07-25 15:25:39', 0, 0),
(1953, 17, '2020-07-25 15:25:47', 0, 0),
(1954, 18, '2020-07-25 15:25:47', 1, 0),
(1955, 17, '2020-07-25 15:25:51', 0, 0),
(1956, 18, '2020-07-25 15:25:52', 0, 0),
(1957, 17, '2020-07-25 15:25:57', 1, 0),
(1958, 18, '2020-07-25 15:25:57', 1, 0),
(1959, 17, '2020-07-25 15:26:01', 0, 0),
(1960, 18, '2020-07-25 15:26:01', 0, 0),
(1961, 17, '2020-07-25 15:26:07', 0, 0),
(1962, 18, '2020-07-25 15:26:07', 0, 0),
(1963, 17, '2020-07-25 15:26:07', 1, 0),
(1964, 18, '2020-07-25 15:26:07', 1, 0),
(1965, 17, '2020-07-25 15:26:17', 0, 0),
(1966, 18, '2020-07-25 15:26:17', 0, 0),
(1967, 17, '2020-07-25 15:26:27', 1, 0),
(1968, 18, '2020-07-25 15:26:27', 1, 0),
(1969, 17, '2020-07-25 15:26:30', 0, 0),
(1970, 18, '2020-07-25 15:26:30', 0, 0),
(1971, 17, '2020-07-25 15:26:39', 0, 0),
(1972, 18, '2020-07-25 15:26:39', 0, 0),
(1973, 17, '2020-07-25 15:26:47', 0, 0),
(1974, 18, '2020-07-25 15:26:47', 1, 0),
(1975, 17, '2020-07-25 15:26:55', 0, 0),
(1976, 18, '2020-07-25 15:26:55', 0, 0),
(1977, 17, '2020-07-25 15:26:57', 1, 0),
(1978, 18, '2020-07-25 15:26:57', 1, 0),
(1979, 18, '2020-07-25 15:27:10', 0, 0),
(1980, 17, '2020-07-25 15:27:10', 1, 0),
(1981, 17, '2020-07-25 15:27:13', 0, 0),
(1982, 18, '2020-07-25 15:27:13', 0, 0),
(1983, 17, '2020-07-25 15:27:17', 1, 0),
(1984, 18, '2020-07-25 15:27:17', 0, 0),
(1985, 17, '2020-07-25 15:27:27', 1, 0),
(1986, 18, '2020-07-25 15:27:27', 0, 0),
(1987, 17, '2020-07-25 15:27:37', 1, 0),
(1988, 18, '2020-07-25 15:27:37', 1, 0),
(1989, 17, '2020-07-25 15:27:47', 0, 0),
(1990, 18, '2020-07-25 15:27:47', 1, 0),
(1991, 17, '2020-07-25 15:27:57', 0, 0),
(1992, 18, '2020-07-25 15:27:57', 0, 0),
(1993, 17, '2020-07-25 15:28:10', 0, 0),
(1994, 18, '2020-07-25 15:28:10', 0, 0),
(1995, 17, '2020-07-25 15:28:17', 0, 0),
(1996, 18, '2020-07-25 15:28:17', 0, 0),
(1997, 17, '2020-07-25 15:28:27', 1, 0),
(1998, 18, '2020-07-25 15:28:27', 0, 0),
(1999, 17, '2020-07-25 15:28:30', 0, 0),
(2000, 18, '2020-07-25 15:28:30', 0, 0),
(2001, 17, '2020-07-25 15:28:42', 0, 0),
(2002, 18, '2020-07-25 15:28:42', 1, 0),
(2003, 17, '2020-07-25 15:28:47', 1, 0),
(2004, 18, '2020-07-25 15:28:47', 0, 0),
(2005, 17, '2020-07-25 15:28:57', 0, 0),
(2006, 18, '2020-07-25 15:28:57', 1, 0),
(2007, 17, '2020-07-25 15:29:08', 1, 0),
(2008, 18, '2020-07-25 15:29:08', 1, 0),
(2009, 17, '2020-07-25 15:29:17', 1, 0),
(2010, 18, '2020-07-25 15:29:17', 0, 0),
(2011, 17, '2020-07-25 15:29:28', 1, 0),
(2012, 18, '2020-07-25 15:29:28', 1, 0),
(2013, 17, '2020-07-25 15:29:38', 1, 0),
(2014, 18, '2020-07-25 15:29:38', 1, 0),
(2015, 17, '2020-07-25 15:29:48', 0, 0),
(2016, 18, '2020-07-25 15:29:48', 1, 0),
(2017, 17, '2020-07-25 15:29:58', 0, 0),
(2018, 18, '2020-07-25 15:29:58', 1, 0),
(2019, 17, '2020-07-25 15:30:08', 0, 0),
(2020, 18, '2020-07-25 15:30:08', 1, 0),
(2021, 17, '2020-07-25 15:30:18', 0, 0),
(2022, 18, '2020-07-25 15:30:18', 0, 0),
(2023, 17, '2020-07-25 15:30:26', 0, 0),
(2024, 18, '2020-07-25 15:30:26', 0, 0),
(2025, 17, '2020-07-25 15:30:28', 1, 0),
(2026, 18, '2020-07-25 15:30:28', 1, 0),
(2027, 17, '2020-07-25 15:30:30', 0, 0),
(2028, 18, '2020-07-25 15:30:30', 0, 0),
(2029, 17, '2020-07-25 15:30:40', 0, 0),
(2030, 18, '2020-07-25 15:30:40', 0, 0),
(2031, 17, '2020-07-25 15:30:48', 0, 0),
(2032, 18, '2020-07-25 15:30:48', 0, 0),
(2033, 17, '2020-07-25 15:31:02', 0, 0),
(2034, 18, '2020-07-25 15:31:02', 0, 0),
(2035, 17, '2020-07-25 15:31:08', 1, 0),
(2036, 18, '2020-07-25 15:31:08', 0, 0),
(2037, 17, '2020-07-25 15:31:18', 0, 0),
(2038, 18, '2020-07-25 15:31:18', 1, 0),
(2039, 17, '2020-07-25 15:31:23', 0, 0),
(2040, 18, '2020-07-25 15:31:24', 0, 0),
(2041, 17, '2020-07-25 15:31:32', 1, 0),
(2042, 18, '2020-07-25 15:31:32', 1, 0),
(2043, 17, '2020-07-25 15:31:38', 0, 0),
(2044, 18, '2020-07-25 15:31:38', 1, 0),
(2045, 18, '2020-07-25 15:31:48', 0, 0),
(2046, 17, '2020-07-25 15:31:48', 1, 0),
(2047, 17, '2020-07-25 15:31:58', 1, 0),
(2048, 18, '2020-07-25 15:31:58', 1, 0),
(2049, 17, '2020-07-25 15:32:08', 1, 0),
(2050, 18, '2020-07-25 15:32:08', 0, 0),
(2051, 17, '2020-07-25 15:32:11', 0, 0),
(2052, 18, '2020-07-25 15:32:11', 0, 0),
(2053, 17, '2020-07-25 15:32:18', 1, 0),
(2054, 18, '2020-07-25 15:32:18', 0, 0),
(2055, 17, '2020-07-25 15:32:32', 0, 0),
(2056, 18, '2020-07-25 15:32:32', 1, 0),
(2057, 17, '2020-07-25 15:32:38', 0, 0),
(2058, 18, '2020-07-25 15:32:38', 0, 0),
(2059, 17, '2020-07-25 15:32:48', 1, 0),
(2060, 18, '2020-07-25 15:32:48', 1, 0),
(2061, 17, '2020-07-25 15:32:58', 1, 0),
(2062, 18, '2020-07-25 15:32:58', 1, 0),
(2063, 17, '2020-07-25 15:33:08', 0, 0),
(2064, 18, '2020-07-25 15:33:08', 0, 0),
(2065, 17, '2020-07-25 15:33:18', 1, 0),
(2066, 18, '2020-07-25 15:33:18', 1, 0),
(2067, 17, '2020-07-25 15:33:23', 0, 0),
(2068, 18, '2020-07-25 15:33:23', 0, 0),
(2069, 17, '2020-07-25 15:33:28', 0, 0),
(2070, 18, '2020-07-25 15:33:28', 0, 0),
(2071, 17, '2020-07-25 15:33:39', 0, 0),
(2072, 18, '2020-07-25 15:33:39', 0, 0),
(2073, 17, '2020-07-25 15:33:48', 1, 0),
(2074, 18, '2020-07-25 15:33:48', 1, 0),
(2075, 17, '2020-07-25 15:33:58', 1, 0),
(2076, 18, '2020-07-25 15:33:58', 0, 0),
(2077, 17, '2020-07-25 15:34:08', 0, 0),
(2078, 18, '2020-07-25 15:34:08', 0, 0),
(2079, 17, '2020-07-25 15:34:18', 1, 0),
(2080, 18, '2020-07-25 15:34:18', 0, 0),
(2081, 17, '2020-07-25 15:34:22', 0, 0),
(2082, 18, '2020-07-25 15:34:22', 0, 0),
(2083, 17, '2020-07-25 15:34:33', 0, 0),
(2084, 18, '2020-07-25 15:34:33', 0, 0),
(2085, 17, '2020-07-25 15:34:38', 0, 0),
(2086, 18, '2020-07-25 15:34:38', 0, 0),
(2087, 17, '2020-07-25 15:34:48', 0, 0),
(2088, 18, '2020-07-25 15:34:48', 1, 0),
(2089, 17, '2020-07-25 15:34:52', 0, 0),
(2090, 18, '2020-07-25 15:34:52', 0, 0),
(2091, 17, '2020-07-25 15:34:59', 0, 0),
(2092, 18, '2020-07-25 15:34:59', 1, 0),
(2093, 17, '2020-07-25 15:35:08', 1, 0),
(2094, 18, '2020-07-25 15:35:08', 0, 0),
(2095, 17, '2020-07-25 15:35:09', 0, 0),
(2096, 18, '2020-07-25 15:35:09', 0, 0),
(2097, 17, '2020-07-25 15:35:18', 0, 0),
(2098, 18, '2020-07-25 15:35:18', 0, 0),
(2099, 17, '2020-07-25 15:35:28', 1, 0),
(2100, 18, '2020-07-25 15:35:28', 0, 0),
(2101, 17, '2020-07-25 15:35:38', 1, 0),
(2102, 18, '2020-07-25 15:35:38', 0, 0),
(2103, 17, '2020-07-25 15:35:45', 0, 0),
(2104, 18, '2020-07-25 15:35:45', 0, 0),
(2105, 17, '2020-07-25 15:35:49', 0, 0),
(2106, 18, '2020-07-25 15:35:49', 0, 0),
(2107, 17, '2020-07-25 15:35:58', 1, 0),
(2108, 18, '2020-07-25 15:35:58', 1, 0),
(2109, 18, '2020-07-25 15:36:08', 1, 0),
(2110, 17, '2020-07-25 15:36:08', 0, 0),
(2111, 17, '2020-07-25 15:36:15', 0, 0),
(2112, 18, '2020-07-25 15:36:15', 0, 0),
(2113, 17, '2020-07-25 15:36:21', 1, 0),
(2114, 18, '2020-07-25 15:36:21', 0, 0),
(2115, 17, '2020-07-25 15:36:28', 1, 0),
(2116, 18, '2020-07-25 15:36:28', 1, 0),
(2117, 17, '2020-07-25 15:36:36', 0, 0),
(2118, 18, '2020-07-25 15:36:37', 0, 0),
(2119, 17, '2020-07-25 15:36:38', 1, 0),
(2120, 18, '2020-07-25 15:36:38', 1, 0),
(2121, 17, '2020-07-25 15:36:47', 0, 0),
(2122, 18, '2020-07-25 15:36:47', 0, 0),
(2123, 17, '2020-07-25 15:36:48', 1, 0),
(2124, 18, '2020-07-25 15:36:48', 1, 0),
(2125, 17, '2020-07-25 15:36:58', 1, 0),
(2126, 18, '2020-07-25 15:36:58', 1, 0),
(2127, 17, '2020-07-25 15:37:02', 0, 0),
(2128, 18, '2020-07-25 15:37:02', 0, 0),
(2129, 17, '2020-07-25 15:37:08', 1, 0),
(2130, 17, '2020-07-25 15:37:08', 0, 0),
(2131, 18, '2020-07-25 15:37:08', 0, 0),
(2132, 17, '2020-07-25 15:37:22', 1, 0),
(2133, 18, '2020-07-25 15:37:22', 1, 0),
(2134, 17, '2020-07-25 15:37:28', 0, 0),
(2135, 18, '2020-07-25 15:37:28', 1, 0),
(2136, 17, '2020-07-25 15:37:32', 0, 0),
(2137, 18, '2020-07-25 15:37:32', 0, 0),
(2138, 17, '2020-07-25 15:37:38', 1, 0),
(2139, 18, '2020-07-25 15:37:38', 1, 0),
(2140, 17, '2020-07-25 15:37:48', 0, 0),
(2141, 18, '2020-07-25 15:37:48', 1, 0),
(2142, 17, '2020-07-25 15:37:55', 0, 0),
(2143, 18, '2020-07-25 15:37:55', 0, 0),
(2144, 17, '2020-07-25 15:37:58', 1, 0),
(2145, 18, '2020-07-25 15:37:58', 0, 0),
(2146, 17, '2020-07-25 15:38:03', 0, 0),
(2147, 18, '2020-07-25 15:38:03', 0, 0),
(2148, 17, '2020-07-25 15:38:08', 1, 0),
(2149, 18, '2020-07-25 15:38:08', 1, 0),
(2150, 17, '2020-07-25 15:38:18', 0, 0),
(2151, 18, '2020-07-25 15:38:18', 0, 0),
(2152, 17, '2020-07-25 15:38:20', 0, 0),
(2153, 18, '2020-07-25 15:38:20', 0, 0),
(2154, 17, '2020-07-25 15:38:27', 0, 0),
(2155, 18, '2020-07-25 15:38:27', 0, 0),
(2156, 17, '2020-07-25 15:38:28', 0, 0),
(2157, 18, '2020-07-25 15:38:28', 1, 0),
(2158, 17, '2020-07-25 15:38:38', 0, 0),
(2159, 18, '2020-07-25 15:38:38', 0, 0),
(2160, 18, '2020-07-25 15:38:52', 1, 0),
(2161, 17, '2020-07-25 15:38:52', 1, 0),
(2162, 18, '2020-07-25 15:38:58', 1, 0),
(2163, 17, '2020-07-25 15:38:58', 1, 0),
(2164, 17, '2020-07-25 15:39:08', 1, 0),
(2165, 18, '2020-07-25 15:39:08', 1, 0),
(2166, 17, '2020-07-25 15:39:18', 0, 0),
(2167, 18, '2020-07-25 15:39:18', 0, 0),
(2168, 17, '2020-07-25 15:39:28', 0, 0),
(2169, 18, '2020-07-25 15:39:28', 1, 0),
(2170, 17, '2020-07-25 15:39:38', 0, 0),
(2171, 18, '2020-07-25 15:39:38', 1, 0),
(2172, 18, '2020-07-25 15:39:49', 0, 0),
(2173, 17, '2020-07-25 15:39:49', 0, 0),
(2174, 17, '2020-07-25 15:39:58', 1, 0),
(2175, 18, '2020-07-25 15:39:58', 1, 0),
(2176, 17, '2020-07-25 15:40:01', 0, 0),
(2177, 18, '2020-07-25 15:40:01', 0, 0),
(2178, 17, '2020-07-25 15:40:08', 1, 0),
(2179, 18, '2020-07-25 15:40:08', 0, 0),
(2180, 17, '2020-07-25 15:40:18', 0, 0),
(2181, 18, '2020-07-25 15:40:18', 1, 0),
(2182, 17, '2020-07-25 15:40:28', 1, 0),
(2183, 18, '2020-07-25 15:40:28', 1, 0),
(2184, 17, '2020-07-25 15:40:38', 0, 0),
(2185, 18, '2020-07-25 15:40:38', 1, 0),
(2186, 17, '2020-07-25 15:40:45', 0, 0),
(2187, 18, '2020-07-25 15:40:45', 0, 0),
(2188, 17, '2020-07-25 15:40:48', 0, 0),
(2189, 18, '2020-07-25 15:40:48', 0, 0),
(2190, 17, '2020-07-25 15:40:58', 0, 0),
(2191, 18, '2020-07-25 15:40:58', 0, 0),
(2192, 17, '2020-07-25 15:41:08', 0, 0),
(2193, 18, '2020-07-25 15:41:08', 0, 0),
(2194, 17, '2020-07-25 15:41:14', 0, 0),
(2195, 18, '2020-07-25 15:41:14', 0, 0),
(2196, 17, '2020-07-25 15:41:18', 0, 1),
(2197, 18, '2020-07-25 15:41:18', 0, 0),
(2198, 17, '2020-07-25 15:41:28', 1, 1),
(2199, 18, '2020-07-25 15:41:28', 0, 0),
(2200, 17, '2020-07-25 15:41:38', 0, 1),
(2201, 18, '2020-07-25 15:41:38', 1, 0),
(2202, 17, '2020-07-25 15:41:48', 1, 1),
(2203, 18, '2020-07-25 15:41:48', 1, 0),
(2204, 17, '2020-07-25 15:41:58', 0, 1),
(2205, 18, '2020-07-25 15:41:58', 0, 0),
(2206, 17, '2020-07-25 15:42:08', 1, 1),
(2207, 18, '2020-07-25 15:42:08', 0, 0),
(2208, 17, '2020-07-25 15:42:18', 0, 1),
(2209, 18, '2020-07-25 15:42:18', 0, 0),
(2210, 17, '2020-07-25 15:42:28', 0, 1),
(2211, 18, '2020-07-25 15:42:28', 1, 0),
(2212, 17, '2020-07-25 15:42:42', 0, 1),
(2213, 18, '2020-07-25 15:42:42', 1, 0),
(2214, 17, '2020-07-25 15:42:48', 1, 1),
(2215, 18, '2020-07-25 15:42:48', 0, 0),
(2216, 17, '2020-07-25 15:42:55', 0, 0),
(2217, 18, '2020-07-25 15:42:55', 0, 0),
(2218, 17, '2020-07-25 15:42:58', 0, 1),
(2219, 18, '2020-07-25 15:42:58', 1, 0),
(2220, 18, '2020-07-25 15:43:08', 0, 0),
(2221, 17, '2020-07-25 15:43:08', 1, 1),
(2222, 17, '2020-07-25 15:43:18', 0, 1),
(2223, 18, '2020-07-25 15:43:18', 0, 0),
(2224, 17, '2020-07-25 15:43:31', 1, 1),
(2225, 18, '2020-07-25 15:43:31', 0, 0),
(2226, 17, '2020-07-25 15:43:38', 0, 1),
(2227, 18, '2020-07-25 15:43:38', 1, 0),
(2228, 17, '2020-07-25 15:43:48', 0, 1),
(2229, 18, '2020-07-25 15:43:48', 1, 0),
(2230, 17, '2020-07-25 15:43:58', 1, 1),
(2231, 18, '2020-07-25 15:43:58', 1, 0),
(2232, 17, '2020-07-25 15:44:08', 0, 1),
(2233, 18, '2020-07-25 15:44:08', 1, 0),
(2234, 17, '2020-07-25 15:44:21', 1, 1),
(2235, 18, '2020-07-25 15:44:21', 1, 0),
(2236, 17, '2020-07-25 15:44:28', 1, 1),
(2237, 18, '2020-07-25 15:44:28', 0, 0),
(2238, 17, '2020-07-25 15:44:35', 0, 1),
(2239, 18, '2020-07-25 15:44:35', 0, 0),
(2240, 17, '2020-07-25 15:44:38', 0, 1),
(2241, 18, '2020-07-25 15:44:38', 1, 0),
(2242, 17, '2020-07-25 15:44:48', 1, 1),
(2243, 18, '2020-07-25 15:44:48', 0, 0),
(2244, 17, '2020-07-25 15:44:58', 0, 1),
(2245, 18, '2020-07-25 15:44:58', 0, 0),
(2246, 17, '2020-07-25 15:45:08', 1, 1),
(2247, 18, '2020-07-25 15:45:08', 1, 0),
(2248, 17, '2020-07-25 15:45:18', 0, 1),
(2249, 18, '2020-07-25 15:45:18', 0, 0),
(2250, 17, '2020-07-25 15:45:28', 0, 1),
(2251, 18, '2020-07-25 15:45:28', 0, 0),
(2252, 17, '2020-07-25 15:45:38', 1, 1),
(2253, 18, '2020-07-25 15:45:38', 0, 0),
(2254, 17, '2020-07-25 15:45:51', 0, 1),
(2255, 18, '2020-07-25 15:45:51', 1, 0),
(2256, 17, '2020-07-25 15:45:58', 1, 1),
(2257, 18, '2020-07-25 15:45:58', 0, 0),
(2258, 17, '2020-07-25 15:46:03', 0, 0),
(2259, 18, '2020-07-25 15:46:03', 0, 0),
(2260, 17, '2020-07-25 15:46:08', 0, 1),
(2261, 18, '2020-07-25 15:46:08', 1, 0),
(2262, 17, '2020-07-25 15:46:09', 0, 0),
(2263, 18, '2020-07-25 15:46:09', 0, 0),
(2264, 17, '2020-07-25 15:46:18', 1, 1),
(2265, 18, '2020-07-25 15:46:18', 0, 0),
(2266, 17, '2020-07-25 15:46:28', 1, 1),
(2267, 18, '2020-07-25 15:46:28', 0, 0),
(2268, 17, '2020-07-25 15:46:41', 1, 1),
(2269, 18, '2020-07-25 15:46:41', 0, 0),
(2270, 17, '2020-07-25 15:46:48', 1, 1),
(2271, 18, '2020-07-25 15:46:48', 1, 0),
(2272, 17, '2020-07-25 15:47:01', 1, 1),
(2273, 18, '2020-07-25 15:47:01', 0, 0),
(2274, 17, '2020-07-25 15:47:08', 1, 1),
(2275, 18, '2020-07-25 15:47:08', 0, 0),
(2276, 17, '2020-07-25 15:47:18', 0, 1),
(2277, 18, '2020-07-25 15:47:18', 0, 0),
(2278, 17, '2020-07-25 15:47:28', 0, 1),
(2279, 18, '2020-07-25 15:47:28', 1, 0),
(2280, 17, '2020-07-25 15:47:38', 1, 1),
(2281, 18, '2020-07-25 15:47:38', 1, 0),
(2282, 17, '2020-07-25 15:47:55', 0, 1),
(2283, 18, '2020-07-25 15:47:55', 0, 0),
(2284, 17, '2020-07-25 15:47:58', 1, 1),
(2285, 18, '2020-07-25 15:47:58', 0, 0),
(2286, 17, '2020-07-25 15:48:08', 1, 1),
(2287, 18, '2020-07-25 15:48:08', 0, 0),
(2288, 17, '2020-07-25 15:48:18', 0, 1),
(2289, 18, '2020-07-25 15:48:18', 1, 0),
(2290, 17, '2020-07-25 15:48:28', 0, 1),
(2291, 18, '2020-07-25 15:48:28', 1, 0),
(2292, 17, '2020-07-25 15:48:38', 1, 1),
(2293, 18, '2020-07-25 15:48:38', 1, 0),
(2294, 17, '2020-07-25 15:48:48', 1, 1),
(2295, 18, '2020-07-25 15:48:48', 1, 0),
(2296, 17, '2020-07-25 15:48:58', 1, 1),
(2297, 18, '2020-07-25 15:48:58', 1, 0),
(2298, 17, '2020-07-25 15:49:08', 0, 1),
(2299, 18, '2020-07-25 15:49:08', 1, 0),
(2300, 18, '2020-07-25 15:49:18', 1, 0),
(2301, 17, '2020-07-25 15:49:18', 1, 1),
(2302, 17, '2020-07-25 15:49:28', 1, 1),
(2303, 18, '2020-07-25 15:49:28', 0, 0),
(2304, 18, '2020-07-25 15:49:41', 0, 0),
(2305, 17, '2020-07-25 15:49:41', 0, 1),
(2306, 17, '2020-07-25 15:49:48', 1, 1),
(2307, 18, '2020-07-25 15:49:48', 0, 0),
(2308, 17, '2020-07-25 15:49:50', 0, 0),
(2309, 18, '2020-07-25 15:49:51', 0, 0),
(2310, 17, '2020-07-25 15:49:57', 0, 0),
(2311, 18, '2020-07-25 15:49:57', 0, 0),
(2312, 17, '2020-07-25 15:49:58', 0, 0),
(2313, 18, '2020-07-25 15:49:58', 0, 0),
(2314, 17, '2020-07-25 15:50:02', 0, 0),
(2315, 18, '2020-07-25 15:50:02', 0, 0),
(2316, 17, '2020-07-25 15:50:09', 0, 1),
(2317, 18, '2020-07-25 15:50:09', 0, 0),
(2318, 17, '2020-07-25 15:50:17', 0, 0),
(2319, 18, '2020-07-25 15:50:18', 0, 0),
(2320, 17, '2020-07-25 15:50:18', 1, 0),
(2321, 18, '2020-07-25 15:50:18', 0, 0),
(2322, 17, '2020-07-25 15:50:20', 0, 0),
(2323, 18, '2020-07-25 15:50:20', 0, 0),
(2324, 17, '2020-07-25 15:50:22', 0, 0),
(2325, 18, '2020-07-25 15:50:22', 0, 0),
(2326, 17, '2020-07-25 15:50:31', 1, 1),
(2327, 18, '2020-07-25 15:50:31', 1, 0),
(2328, 17, '2020-07-25 15:52:01', 0, 0),
(2329, 18, '2020-07-25 15:52:01', 0, 0),
(2330, 17, '2020-07-25 15:52:08', 1, 1),
(2331, 18, '2020-07-25 15:52:08', 1, 1),
(2332, 18, '2020-07-25 15:52:19', 0, 1),
(2333, 17, '2020-07-25 15:52:19', 1, 1),
(2334, 17, '2020-07-25 15:52:28', 0, 1),
(2335, 18, '2020-07-25 15:52:28', 0, 1),
(2336, 17, '2020-07-25 15:52:34', 0, 0),
(2337, 18, '2020-07-25 15:52:34', 0, 0),
(2338, 17, '2020-07-25 15:52:38', 1, 0),
(2339, 18, '2020-07-25 15:52:38', 1, 0),
(2340, 17, '2020-07-25 15:52:48', 0, 0),
(2341, 18, '2020-07-25 15:52:48', 1, 0),
(2342, 18, '2020-07-25 15:52:58', 1, 0),
(2343, 17, '2020-07-25 15:52:58', 0, 0),
(2344, 17, '2020-07-25 15:53:08', 0, 0),
(2345, 18, '2020-07-25 15:53:08', 0, 0),
(2346, 17, '2020-07-25 15:53:18', 0, 0),
(2347, 18, '2020-07-25 15:53:18', 1, 0),
(2348, 17, '2020-07-25 15:53:24', 0, 0),
(2349, 18, '2020-07-25 15:53:24', 0, 0),
(2350, 17, '2020-07-25 15:53:30', 0, 0),
(2351, 18, '2020-07-25 15:53:30', 1, 0),
(2352, 18, '2020-07-25 15:54:22', 0, 0),
(2353, 17, '2020-07-25 15:54:27', 0, 0),
(2354, 18, '2020-07-25 15:54:28', 0, 0),
(2355, 17, '2020-07-25 15:54:33', 0, 0),
(2356, 18, '2020-07-25 15:54:33', 0, 0),
(2357, 17, '2020-07-25 15:56:08', 0, 0),
(2358, 18, '2020-07-25 15:56:08', 0, 0),
(2359, 17, '2020-07-25 15:56:10', 0, 0),
(2360, 18, '2020-07-25 15:56:10', 0, 0),
(2361, 17, '2020-07-25 15:56:12', 0, 0),
(2362, 17, '2020-07-25 15:56:13', 0, 0),
(2363, 18, '2020-07-25 15:56:14', 0, 0),
(2364, 17, '2020-07-25 15:56:17', 0, 0),
(2365, 18, '2020-07-25 15:56:17', 0, 0),
(2366, 17, '2020-07-25 15:56:33', 0, 0),
(2367, 18, '2020-07-25 15:56:33', 0, 0),
(2368, 17, '2020-07-25 15:57:19', 0, 0),
(2369, 18, '2020-07-25 15:57:19', 0, 0),
(2370, 17, '2020-07-25 16:00:31', 0, 0),
(2371, 17, '2020-07-25 16:00:31', 0, 0),
(2372, 18, '2020-07-25 16:00:31', 0, 0),
(2373, 18, '2020-07-25 16:00:31', 0, 0),
(2374, 17, '2020-07-25 16:01:20', 0, 0),
(2375, 17, '2020-07-25 16:01:20', 0, 0),
(2376, 18, '2020-07-25 16:01:20', 0, 0),
(2377, 18, '2020-07-25 16:01:21', 0, 0),
(2378, 17, '2020-07-25 16:03:25', 0, 0),
(2379, 17, '2020-07-25 16:03:25', 0, 0),
(2380, 18, '2020-07-25 16:03:25', 0, 0),
(2381, 18, '2020-07-25 16:03:25', 0, 0),
(2382, 17, '2020-07-25 16:04:00', 0, 0),
(2383, 18, '2020-07-25 16:04:00', 0, 0),
(2384, 17, '2020-07-25 16:04:19', 0, 0),
(2385, 17, '2020-07-25 16:04:19', 0, 0),
(2386, 18, '2020-07-25 16:04:19', 0, 0),
(2387, 18, '2020-07-25 16:04:19', 0, 0),
(2388, 17, '2020-07-25 16:04:27', 0, 0),
(2389, 17, '2020-07-25 16:04:28', 0, 0),
(2390, 18, '2020-07-25 16:04:28', 0, 0),
(2391, 18, '2020-07-25 16:04:28', 0, 0),
(2392, 17, '2020-07-25 16:05:33', 0, 0),
(2393, 18, '2020-07-25 16:05:33', 0, 0),
(2394, 17, '2020-07-25 16:06:48', 0, 0),
(2395, 18, '2020-07-25 16:06:48', 0, 0),
(2396, 17, '2020-07-25 16:08:52', 0, 0),
(2397, 18, '2020-07-25 16:08:52', 0, 0),
(2398, 17, '2020-07-25 16:10:09', 0, 1),
(2399, 18, '2020-07-25 16:10:09', 0, 1),
(2400, 17, '2020-07-25 16:11:46', 0, 0),
(2401, 17, '2020-07-25 16:11:46', 0, 0),
(2402, 18, '2020-07-25 16:11:46', 0, 0),
(2403, 18, '2020-07-25 16:11:46', 0, 0),
(2404, 17, '2020-07-25 16:12:44', 0, 0),
(2405, 17, '2020-07-25 16:12:44', 0, 0),
(2406, 18, '2020-07-25 16:12:44', 0, 0),
(2407, 18, '2020-07-25 16:12:44', 0, 0),
(2408, 17, '2020-07-25 16:12:57', 0, 1),
(2409, 17, '2020-07-25 16:12:57', 0, 1),
(2410, 18, '2020-07-25 16:12:57', 0, 1),
(2411, 18, '2020-07-25 16:12:57', 0, 1),
(2412, 17, '2020-07-25 16:12:57', 0, 1),
(2413, 17, '2020-07-25 16:12:57', 0, 1),
(2414, 18, '2020-07-25 16:12:57', 0, 1),
(2415, 18, '2020-07-25 16:12:57', 0, 1),
(2416, 17, '2020-07-25 16:12:57', 0, 1),
(2417, 17, '2020-07-25 16:12:58', 0, 1),
(2418, 18, '2020-07-25 16:12:58', 0, 1),
(2419, 18, '2020-07-25 16:12:58', 0, 1),
(2420, 17, '2020-07-25 16:12:58', 0, 1),
(2421, 17, '2020-07-25 16:12:58', 0, 1),
(2422, 18, '2020-07-25 16:12:58', 0, 1),
(2423, 18, '2020-07-25 16:12:58', 0, 1),
(2424, 17, '2020-07-25 16:12:58', 0, 1),
(2425, 17, '2020-07-25 16:12:58', 0, 1),
(2426, 18, '2020-07-25 16:12:58', 0, 1),
(2427, 18, '2020-07-25 16:12:58', 0, 1),
(2428, 17, '2020-07-25 16:12:59', 0, 1),
(2429, 17, '2020-07-25 16:12:59', 0, 1),
(2430, 18, '2020-07-25 16:12:59', 0, 1),
(2431, 18, '2020-07-25 16:12:59', 0, 1),
(2432, 17, '2020-07-25 16:12:59', 0, 1),
(2433, 17, '2020-07-25 16:12:59', 0, 1),
(2434, 18, '2020-07-25 16:12:59', 0, 1),
(2435, 18, '2020-07-25 16:12:59', 0, 1),
(2436, 17, '2020-07-25 16:12:59', 0, 1),
(2437, 17, '2020-07-25 16:13:00', 0, 1),
(2438, 18, '2020-07-25 16:13:00', 0, 1),
(2439, 18, '2020-07-25 16:13:00', 0, 1),
(2440, 17, '2020-07-25 16:13:00', 0, 1),
(2441, 17, '2020-07-25 16:13:00', 0, 1),
(2442, 18, '2020-07-25 16:13:00', 0, 1),
(2443, 18, '2020-07-25 16:13:00', 0, 1),
(2444, 17, '2020-07-25 16:13:00', 0, 1),
(2445, 17, '2020-07-25 16:13:00', 0, 1),
(2446, 18, '2020-07-25 16:13:00', 0, 1),
(2447, 18, '2020-07-25 16:13:00', 0, 1),
(2448, 17, '2020-07-25 16:13:00', 0, 1),
(2449, 17, '2020-07-25 16:13:01', 0, 1),
(2450, 18, '2020-07-25 16:13:01', 0, 1),
(2451, 18, '2020-07-25 16:13:01', 0, 1),
(2452, 17, '2020-07-25 16:13:01', 0, 1),
(2453, 17, '2020-07-25 16:13:01', 0, 1),
(2454, 18, '2020-07-25 16:13:01', 0, 1),
(2455, 18, '2020-07-25 16:13:01', 0, 1),
(2456, 17, '2020-07-25 16:13:01', 0, 1),
(2457, 17, '2020-07-25 16:13:01', 0, 1),
(2458, 18, '2020-07-25 16:13:01', 0, 1),
(2459, 18, '2020-07-25 16:13:01', 0, 1),
(2460, 17, '2020-07-25 16:13:02', 0, 1),
(2461, 17, '2020-07-25 16:13:02', 0, 1),
(2462, 18, '2020-07-25 16:13:02', 0, 1),
(2463, 18, '2020-07-25 16:13:02', 0, 1),
(2464, 17, '2020-07-25 16:13:02', 0, 1),
(2465, 17, '2020-07-25 16:13:02', 0, 1),
(2466, 18, '2020-07-25 16:13:02', 0, 1),
(2467, 18, '2020-07-25 16:13:02', 0, 1),
(2468, 17, '2020-07-25 16:13:02', 0, 1),
(2469, 17, '2020-07-25 16:13:03', 0, 1),
(2470, 18, '2020-07-25 16:13:03', 0, 1),
(2471, 18, '2020-07-25 16:13:03', 0, 1),
(2472, 17, '2020-07-25 16:13:03', 0, 1),
(2473, 17, '2020-07-25 16:13:03', 0, 1),
(2474, 18, '2020-07-25 16:13:03', 0, 1),
(2475, 18, '2020-07-25 16:13:03', 0, 1),
(2476, 17, '2020-07-25 16:13:03', 0, 1),
(2477, 17, '2020-07-25 16:13:03', 0, 1),
(2478, 18, '2020-07-25 16:13:03', 0, 1),
(2479, 18, '2020-07-25 16:13:03', 0, 1),
(2480, 17, '2020-07-25 16:13:04', 0, 1),
(2481, 17, '2020-07-25 16:13:04', 0, 1),
(2482, 18, '2020-07-25 16:13:04', 0, 1),
(2483, 18, '2020-07-25 16:13:04', 0, 1),
(2484, 17, '2020-07-25 16:13:04', 0, 1),
(2485, 17, '2020-07-25 16:13:04', 0, 1),
(2486, 18, '2020-07-25 16:13:05', 0, 1),
(2487, 18, '2020-07-25 16:13:05', 0, 1),
(2488, 17, '2020-07-25 16:13:05', 0, 1),
(2489, 17, '2020-07-25 16:13:05', 0, 1),
(2490, 18, '2020-07-25 16:13:05', 0, 1),
(2491, 18, '2020-07-25 16:13:05', 0, 1),
(2492, 17, '2020-07-25 16:13:05', 0, 1),
(2493, 17, '2020-07-25 16:13:05', 0, 1),
(2494, 18, '2020-07-25 16:13:05', 0, 1),
(2495, 18, '2020-07-25 16:13:05', 0, 1),
(2496, 17, '2020-07-25 16:13:05', 0, 1),
(2497, 17, '2020-07-25 16:13:06', 0, 1),
(2498, 18, '2020-07-25 16:13:06', 0, 1),
(2499, 18, '2020-07-25 16:13:06', 0, 1),
(2500, 17, '2020-07-25 16:13:06', 0, 1),
(2501, 17, '2020-07-25 16:13:06', 0, 1),
(2502, 18, '2020-07-25 16:13:06', 0, 1),
(2503, 18, '2020-07-25 16:13:06', 0, 1),
(2504, 17, '2020-07-25 16:13:06', 0, 1),
(2505, 18, '2020-07-25 16:13:07', 0, 1),
(2506, 17, '2020-07-25 16:13:07', 0, 1),
(2507, 18, '2020-07-25 16:13:07', 0, 1),
(2508, 17, '2020-07-25 16:13:07', 0, 1),
(2509, 17, '2020-07-25 16:13:07', 0, 1),
(2510, 18, '2020-07-25 16:13:07', 0, 1),
(2511, 18, '2020-07-25 16:13:07', 0, 1),
(2512, 17, '2020-07-25 16:13:07', 0, 1),
(2513, 17, '2020-07-25 16:13:08', 0, 1),
(2514, 18, '2020-07-25 16:13:08', 0, 1),
(2515, 17, '2020-07-25 16:13:08', 0, 1),
(2516, 18, '2020-07-25 16:13:08', 0, 1),
(2517, 17, '2020-07-25 16:13:08', 0, 1),
(2518, 18, '2020-07-25 16:13:08', 0, 1),
(2519, 17, '2020-07-25 16:13:08', 0, 1),
(2520, 18, '2020-07-25 16:13:08', 0, 1),
(2521, 17, '2020-07-25 16:13:08', 0, 1),
(2522, 18, '2020-07-25 16:13:09', 0, 1),
(2523, 18, '2020-07-25 16:13:09', 0, 1),
(2524, 17, '2020-07-25 16:13:09', 0, 1),
(2525, 17, '2020-07-25 16:13:09', 0, 1),
(2526, 18, '2020-07-25 16:13:09', 0, 1),
(2527, 18, '2020-07-25 16:13:09', 0, 1),
(2528, 17, '2020-07-25 16:13:09', 0, 1),
(2529, 17, '2020-07-25 16:13:09', 0, 1),
(2530, 18, '2020-07-25 16:13:09', 0, 1),
(2531, 17, '2020-07-25 16:13:09', 0, 1),
(2532, 18, '2020-07-25 16:13:09', 0, 1),
(2533, 17, '2020-07-25 16:13:09', 0, 1),
(2534, 18, '2020-07-25 16:13:10', 0, 1),
(2535, 18, '2020-07-25 16:13:10', 0, 1),
(2536, 17, '2020-07-25 16:13:10', 0, 1),
(2537, 17, '2020-07-25 16:13:10', 0, 1),
(2538, 18, '2020-07-25 16:13:10', 0, 1),
(2539, 18, '2020-07-25 16:13:10', 0, 1),
(2540, 17, '2020-07-25 16:13:10', 0, 1),
(2541, 17, '2020-07-25 16:13:10', 0, 1),
(2542, 18, '2020-07-25 16:13:10', 0, 1),
(2543, 18, '2020-07-25 16:13:10', 0, 1),
(2544, 17, '2020-07-25 16:13:10', 0, 1),
(2545, 17, '2020-07-25 16:13:11', 0, 1),
(2546, 18, '2020-07-25 16:13:11', 0, 1),
(2547, 18, '2020-07-25 16:13:11', 0, 1),
(2548, 17, '2020-07-25 16:13:11', 0, 1),
(2549, 17, '2020-07-25 16:13:11', 0, 1),
(2550, 18, '2020-07-25 16:13:11', 0, 1),
(2551, 17, '2020-07-25 16:13:11', 0, 1),
(2552, 18, '2020-07-25 16:13:11', 0, 1),
(2553, 17, '2020-07-25 16:13:11', 0, 1),
(2554, 18, '2020-07-25 16:13:12', 0, 1),
(2555, 18, '2020-07-25 16:13:12', 0, 1),
(2556, 17, '2020-07-25 16:13:12', 0, 1),
(2557, 17, '2020-07-25 16:13:12', 0, 1),
(2558, 18, '2020-07-25 16:13:12', 0, 1),
(2559, 17, '2020-07-25 16:13:12', 0, 1),
(2560, 18, '2020-07-25 16:13:12', 0, 1),
(2561, 17, '2020-07-25 16:13:12', 0, 1),
(2562, 18, '2020-07-25 16:13:12', 0, 1),
(2563, 18, '2020-07-25 16:13:12', 0, 1),
(2564, 17, '2020-07-25 16:13:12', 0, 1),
(2565, 17, '2020-07-25 16:13:12', 0, 1),
(2566, 18, '2020-07-25 16:13:13', 0, 1),
(2567, 18, '2020-07-25 16:13:13', 0, 1),
(2568, 17, '2020-07-25 16:13:13', 0, 1),
(2569, 17, '2020-07-25 16:13:13', 0, 1),
(2570, 18, '2020-07-25 16:13:13', 0, 1),
(2571, 18, '2020-07-25 16:13:13', 0, 1),
(2572, 17, '2020-07-25 16:13:13', 0, 1),
(2573, 17, '2020-07-25 16:13:13', 0, 1),
(2574, 18, '2020-07-25 16:13:13', 0, 1),
(2575, 17, '2020-07-25 16:13:13', 0, 1),
(2576, 18, '2020-07-25 16:13:13', 0, 1),
(2577, 17, '2020-07-25 16:13:14', 0, 1),
(2578, 18, '2020-07-25 16:13:14', 0, 1),
(2579, 17, '2020-07-25 16:13:14', 0, 1),
(2580, 18, '2020-07-25 16:13:14', 0, 1),
(2581, 17, '2020-07-25 16:13:14', 0, 1),
(2582, 18, '2020-07-25 16:13:14', 0, 1),
(2583, 18, '2020-07-25 16:13:14', 0, 1),
(2584, 17, '2020-07-25 16:13:14', 0, 1),
(2585, 17, '2020-07-25 16:13:14', 0, 1),
(2586, 18, '2020-07-25 16:13:15', 0, 1),
(2587, 18, '2020-07-25 16:13:15', 0, 1),
(2588, 17, '2020-07-25 16:13:15', 0, 1),
(2589, 17, '2020-07-25 16:13:15', 0, 1),
(2590, 18, '2020-07-25 16:13:15', 0, 1),
(2591, 18, '2020-07-25 16:13:15', 0, 1),
(2592, 17, '2020-07-25 16:13:15', 0, 1),
(2593, 17, '2020-07-25 16:13:15', 0, 1),
(2594, 18, '2020-07-25 16:13:15', 0, 1),
(2595, 17, '2020-07-25 16:13:15', 0, 1),
(2596, 18, '2020-07-25 16:13:15', 0, 1),
(2597, 17, '2020-07-25 16:13:16', 0, 1),
(2598, 18, '2020-07-25 16:13:16', 0, 1),
(2599, 18, '2020-07-25 16:13:16', 0, 1),
(2600, 17, '2020-07-25 16:13:16', 0, 1),
(2601, 17, '2020-07-25 16:13:16', 0, 1),
(2602, 18, '2020-07-25 16:13:16', 0, 1),
(2603, 17, '2020-07-25 16:13:16', 0, 1),
(2604, 18, '2020-07-25 16:13:16', 0, 1),
(2605, 17, '2020-07-25 16:13:16', 0, 1),
(2606, 18, '2020-07-25 16:13:16', 0, 1);
INSERT INTO `status` (`id`, `sensor_id`, `timestamp`, `is_occupied`, `is_faulty`) VALUES
(2607, 18, '2020-07-25 16:13:16', 0, 1),
(2608, 17, '2020-07-25 16:13:16', 0, 1),
(2609, 17, '2020-07-25 16:13:17', 0, 1),
(2610, 18, '2020-07-25 16:13:17', 0, 1),
(2611, 17, '2020-07-25 16:13:17', 0, 1),
(2612, 18, '2020-07-25 16:13:17', 0, 1),
(2613, 17, '2020-07-25 16:13:17', 0, 1),
(2614, 18, '2020-07-25 16:13:17', 0, 1),
(2615, 18, '2020-07-25 16:13:17', 0, 1),
(2616, 17, '2020-07-25 16:13:17', 0, 1),
(2617, 17, '2020-07-25 16:13:23', 0, 1),
(2618, 18, '2020-07-25 16:13:23', 0, 1),
(2619, 17, '2020-07-25 16:13:23', 0, 1),
(2620, 18, '2020-07-25 16:13:23', 0, 1),
(2621, 17, '2020-07-25 16:13:23', 0, 1),
(2622, 18, '2020-07-25 16:13:23', 0, 1),
(2623, 18, '2020-07-25 16:13:23', 0, 1),
(2624, 17, '2020-07-25 16:13:23', 0, 1),
(2625, 17, '2020-07-25 16:13:23', 0, 1),
(2626, 18, '2020-07-25 16:13:24', 0, 1),
(2627, 18, '2020-07-25 16:13:24', 0, 1),
(2628, 17, '2020-07-25 16:13:24', 0, 1),
(2629, 17, '2020-07-25 16:13:24', 0, 1),
(2630, 18, '2020-07-25 16:13:24', 0, 1),
(2631, 17, '2020-07-25 16:13:24', 0, 1),
(2632, 18, '2020-07-25 16:13:24', 0, 1),
(2633, 17, '2020-07-25 16:13:24', 0, 1),
(2634, 18, '2020-07-25 16:13:24', 0, 1),
(2635, 18, '2020-07-25 16:13:24', 0, 1),
(2636, 17, '2020-07-25 16:13:24', 0, 1),
(2637, 17, '2020-07-25 16:13:24', 0, 1),
(2638, 18, '2020-07-25 16:13:25', 0, 1),
(2639, 18, '2020-07-25 16:13:25', 0, 1),
(2640, 17, '2020-07-25 16:13:25', 0, 1),
(2641, 17, '2020-07-25 16:13:25', 0, 1),
(2642, 18, '2020-07-25 16:13:25', 0, 1),
(2643, 18, '2020-07-25 16:13:25', 0, 1),
(2644, 17, '2020-07-25 16:13:25', 0, 1),
(2645, 17, '2020-07-25 16:13:25', 0, 1),
(2646, 18, '2020-07-25 16:13:25', 0, 1),
(2647, 17, '2020-07-25 16:13:25', 0, 1),
(2648, 18, '2020-07-25 16:13:25', 0, 1),
(2649, 17, '2020-07-25 16:13:26', 0, 1),
(2650, 18, '2020-07-25 16:13:26', 0, 1),
(2651, 18, '2020-07-25 16:13:26', 0, 1),
(2652, 17, '2020-07-25 16:13:26', 0, 1),
(2653, 17, '2020-07-25 16:13:26', 0, 1),
(2654, 18, '2020-07-25 16:13:26', 0, 1),
(2655, 17, '2020-07-25 16:13:26', 0, 1),
(2656, 18, '2020-07-25 16:13:26', 0, 1),
(2657, 17, '2020-07-25 16:13:26', 0, 1),
(2658, 18, '2020-07-25 16:13:27', 0, 1),
(2659, 17, '2020-07-25 16:13:27', 0, 1),
(2660, 18, '2020-07-25 16:13:27', 0, 1),
(2661, 17, '2020-07-25 16:13:27', 0, 1),
(2662, 18, '2020-07-25 16:13:27', 0, 1),
(2663, 18, '2020-07-25 16:13:27', 0, 1),
(2664, 17, '2020-07-25 16:13:27', 0, 1),
(2665, 17, '2020-07-25 16:13:27', 0, 1),
(2666, 18, '2020-07-25 16:13:27', 0, 1),
(2667, 17, '2020-07-25 16:13:27', 0, 1),
(2668, 18, '2020-07-25 16:13:27', 0, 1),
(2669, 17, '2020-07-25 16:13:28', 0, 1),
(2670, 18, '2020-07-25 16:13:28', 0, 1),
(2671, 18, '2020-07-25 16:13:28', 0, 1),
(2672, 17, '2020-07-25 16:13:28', 0, 1),
(2673, 17, '2020-07-25 16:13:28', 0, 1),
(2674, 18, '2020-07-25 16:13:28', 0, 1),
(2675, 17, '2020-07-25 16:13:28', 0, 1),
(2676, 18, '2020-07-25 16:13:28', 0, 1),
(2677, 17, '2020-07-25 16:13:28', 0, 1),
(2678, 18, '2020-07-25 16:13:28', 0, 1),
(2679, 17, '2020-07-25 16:13:28', 0, 1),
(2680, 18, '2020-07-25 16:13:28', 0, 1),
(2681, 17, '2020-07-25 16:13:29', 0, 1),
(2682, 18, '2020-07-25 16:13:29', 0, 1),
(2683, 18, '2020-07-25 16:13:29', 0, 1),
(2684, 17, '2020-07-25 16:13:29', 0, 1),
(2685, 17, '2020-07-25 16:13:29', 0, 1),
(2686, 18, '2020-07-25 16:13:29', 0, 1),
(2687, 17, '2020-07-25 16:13:29', 0, 1),
(2688, 18, '2020-07-25 16:13:29', 0, 1),
(2689, 17, '2020-07-25 16:13:29', 0, 1),
(2690, 18, '2020-07-25 16:13:30', 0, 1),
(2691, 18, '2020-07-25 16:13:30', 0, 1),
(2692, 17, '2020-07-25 16:13:30', 0, 1),
(2693, 17, '2020-07-25 16:13:30', 0, 1),
(2694, 18, '2020-07-25 16:13:30', 0, 1),
(2695, 17, '2020-07-25 16:13:30', 0, 1),
(2696, 18, '2020-07-25 16:13:30', 0, 1),
(2697, 17, '2020-07-25 16:13:30', 0, 1),
(2698, 18, '2020-07-25 16:13:30', 0, 1),
(2699, 17, '2020-07-25 16:13:30', 0, 1),
(2700, 18, '2020-07-25 16:13:30', 0, 1),
(2701, 17, '2020-07-25 16:13:31', 0, 1),
(2702, 18, '2020-07-25 16:13:31', 0, 1),
(2703, 18, '2020-07-25 16:13:31', 0, 1),
(2704, 17, '2020-07-25 16:13:31', 0, 1),
(2705, 17, '2020-07-25 16:13:31', 0, 1),
(2706, 18, '2020-07-25 16:13:31', 0, 1),
(2707, 17, '2020-07-25 16:13:31', 0, 1),
(2708, 18, '2020-07-25 16:13:31', 0, 1),
(2709, 17, '2020-07-25 16:13:31', 0, 1),
(2710, 18, '2020-07-25 16:13:31', 0, 1),
(2711, 18, '2020-07-25 16:13:31', 0, 1),
(2712, 17, '2020-07-25 16:13:31', 0, 1),
(2713, 17, '2020-07-25 16:13:32', 0, 1),
(2714, 18, '2020-07-25 16:13:32', 0, 1),
(2715, 18, '2020-07-25 16:13:32', 0, 1),
(2716, 17, '2020-07-25 16:13:32', 0, 1),
(2717, 17, '2020-07-25 16:13:32', 0, 1),
(2718, 18, '2020-07-25 16:13:32', 0, 1),
(2719, 17, '2020-07-25 16:13:32', 0, 1),
(2720, 18, '2020-07-25 16:13:32', 0, 1),
(2721, 17, '2020-07-25 16:13:32', 0, 1),
(2722, 18, '2020-07-25 16:13:33', 0, 1),
(2723, 18, '2020-07-25 16:13:33', 0, 1),
(2724, 17, '2020-07-25 16:13:33', 0, 1),
(2725, 17, '2020-07-25 16:13:33', 0, 1),
(2726, 17, '2020-07-25 16:13:36', 0, 0),
(2727, 17, '2020-07-25 16:13:36', 0, 0),
(2728, 18, '2020-07-25 16:13:36', 0, 0),
(2729, 18, '2020-07-25 16:13:36', 0, 0);

--
-- Indexes for dumped tables
--

--
-- Indexes for table `bay`
--
ALTER TABLE `bay`
  ADD PRIMARY KEY (`id`),
  ADD UNIQUE KEY `name_lot` (`name`,`lot_id`) USING BTREE,
  ADD KEY `bay_fk0` (`sensor_id`),
  ADD KEY `bay_fk1` (`lot_id`);

--
-- Indexes for table `gateway`
--
ALTER TABLE `gateway`
  ADD PRIMARY KEY (`id`),
  ADD UNIQUE KEY `uuid` (`uuid`);

--
-- Indexes for table `lot`
--
ALTER TABLE `lot`
  ADD PRIMARY KEY (`id`),
  ADD UNIQUE KEY `name` (`name`),
  ADD UNIQUE KEY `gateway_id` (`gateway_id`);

--
-- Indexes for table `sensor`
--
ALTER TABLE `sensor`
  ADD PRIMARY KEY (`id`),
  ADD UNIQUE KEY `uuid` (`uuid`);

--
-- Indexes for table `status`
--
ALTER TABLE `status`
  ADD PRIMARY KEY (`id`),
  ADD KEY `status_fk0` (`sensor_id`);

--
-- AUTO_INCREMENT for dumped tables
--

--
-- AUTO_INCREMENT for table `bay`
--
ALTER TABLE `bay`
  MODIFY `id` int(11) NOT NULL AUTO_INCREMENT, AUTO_INCREMENT=25;

--
-- AUTO_INCREMENT for table `gateway`
--
ALTER TABLE `gateway`
  MODIFY `id` int(11) NOT NULL AUTO_INCREMENT, AUTO_INCREMENT=4;

--
-- AUTO_INCREMENT for table `lot`
--
ALTER TABLE `lot`
  MODIFY `id` int(11) NOT NULL AUTO_INCREMENT, AUTO_INCREMENT=5;

--
-- AUTO_INCREMENT for table `sensor`
--
ALTER TABLE `sensor`
  MODIFY `id` int(11) NOT NULL AUTO_INCREMENT, AUTO_INCREMENT=20;

--
-- AUTO_INCREMENT for table `status`
--
ALTER TABLE `status`
  MODIFY `id` int(11) NOT NULL AUTO_INCREMENT, AUTO_INCREMENT=2730;

--
-- Constraints for dumped tables
--

--
-- Constraints for table `bay`
--
ALTER TABLE `bay`
  ADD CONSTRAINT `bay_fk0` FOREIGN KEY (`sensor_id`) REFERENCES `sensor` (`id`),
  ADD CONSTRAINT `bay_fk1` FOREIGN KEY (`lot_id`) REFERENCES `lot` (`id`);

--
-- Constraints for table `lot`
--
ALTER TABLE `lot`
  ADD CONSTRAINT `lot_fk0` FOREIGN KEY (`gateway_id`) REFERENCES `gateway` (`id`);

--
-- Constraints for table `status`
--
ALTER TABLE `status`
  ADD CONSTRAINT `status_fk0` FOREIGN KEY (`sensor_id`) REFERENCES `sensor` (`id`);
COMMIT;

/*!40101 SET CHARACTER_SET_CLIENT=@OLD_CHARACTER_SET_CLIENT */;
/*!40101 SET CHARACTER_SET_RESULTS=@OLD_CHARACTER_SET_RESULTS */;
/*!40101 SET COLLATION_CONNECTION=@OLD_COLLATION_CONNECTION */;
